[{"version":0,"tags":[],"shapes":[{"type":"skeleton","occluded":false,"outside":false,"z_order":0,"rotation":0.0,"points":[],"frame":0,"group":0,"source":"manual","attributes":[],"elements":[{"type":"points","occluded":false,"outside":false,"z_order":0,"rotation":0.0,"points":[638.470727744223,176.52150899422304],"frame":0,"group":0,"source":"manual","attributes":[],"label":"1"},{"type":"points","occluded":false,"outside":false,"z_order":0,"rotation":0.0,"points":[690.153344931723,207.89846211922304],"frame":0,"group":0,"source":"manual","attributes":[],"label":"2"},{"type":"points","occluded":false,"outside":false,"z_order":0,"rotation":0.0,"points":[760.487329306723,181.57131368172304],"frame":0,"group":0,"source":"manual","attributes":[],"label":"3"},{"type":"points","occluded":false,"outside":false,"z_order":0,"rotation":0.0,"points":[702.486352744223,150.69533711922304],"frame":0,"group":0,"source":"manual","attributes":[],"label":"4"},{"type":"points","occluded":false,"outside":false,"z_order":0,"rotation":0.0,"points":[711.642602744223,58.53811055672304],"frame":0,"group":0,"source":"manual","attributes":[],"label":"5"}],"label":"pyramid"},{"type":"skeleton","occluded":false,"outside":false,"z_order":0,"rotation":0.0,"points":[],"frame":1,"group":0,"source":"manual","attributes":[],"elements":[{"type":"points","occluded":false,"outside":false,"z_order":0,"rotation":0.0,"points":[644.520532431723,172.38771993172304],"frame":1,"group":0,"source":"manual","attributes":[],"label":"1"},{"type":"points","occluded":false,"outside":false,"z_order":0,"rotation":0.0,"points":[708.105493369223,202.04396993172304],"frame":1,"group":0,"source":"manual","attributes":[],"label":"2"},{"type":"points","occluded":false,"outside":false,"z_order":0,"rotation":0.0,"points":[765.529321494223,172.72756368172304],"frame":1,"group":0,"source":"manual","attributes":[],"label":"3"},{"type":"points","occluded":false,"outside":false,"z_order":0,"rotation":0.0,"points":[708.061548056723,141.38674336922304],"frame":1,"group":0,"source":"manual","attributes":[],"label":"4"},{"type":"points","occluded":false,"outside":false,"z_order":0,"rotation":0.0,"points":[713.274438681723,57.42775899422304],"frame":1,"group":0,"source":"manual","attributes":[],"label":"5"}],"label":"pyramid"},{"type":"skeleton","occluded":false,"outside":false,"z_order":0,"rotation":0.0,"points":[],"frame":2,"group":0,"source":"manual","attributes":[],"elements":[{"type":"points","occluded":false,"outside":false,"z_order":0,"rotation":0.0,"points":[660.655298056723,168.35354024422304],"frame":2,"group":0,"source":"manual","attributes":[],"label":"1"},{"type":"points","occluded":false,"outside":false,"z_order":0,"rotation":0.0,"points":[727.735376181723,189.58400899422304],"frame":2,"group":0,"source":"manual","attributes":[],"label":"2"},{"type":"points","occluded":false,"outside":false,"z_order":0,"rotation":0.0,"points":[768.553735556723,154.33303243172304],"frame":2,"group":0,"source":"manual","attributes":[],"label":"3"},{"type":"points","occluded":false,"outside":false,"z_order":0,"rotation":0.0,"points":[702.544946494223,134.81936055672304],"frame":2,"group":0,"source":"manual","attributes":[],"label":"4"},{"type":"points","occluded":false,"outside":false,"z_order":0,"rotation":0.0,"points":[720.618188681723,45.32912618172304],"frame":2,"group":0,"source":"manual","attributes":[],"label":"5"}],"label":"pyramid"},{"type":"skeleton","occluded":false,"outside":false,"z_order":0,"rotation":0.0,"points":[],"frame":3,"group":0,"source":"manual","attributes":[],"elements":[{"type":"points","occluded":false,"outside":false,"z_order":0,"rotation":0.0,"points":[668.722680869223,165.42775899422304],"frame":3,"group":0,"source":"manual","attributes":[],"label":"1"},{"type":"points","occluded":false,"outside":false,"z_order":0,"rotation":0.0,"points":[747.192407431723,185.66506368172304],"frame":3,"group":0,"source":"manual","attributes":[],"label":"2"},{"type":"points","occluded":false,"outside":false,"z_order":0,"rotation":0.0,"points":[771.581079306723,146.99807149422304],"frame":3,"group":0,"source":"manual","attributes":[],"label":"3"},{"type":"points","occluded":false,"outside":false,"z_order":0,"rotation":0.0,"points":[699.078149619223,131.69143086922304],"frame":3,"group":0,"source":"manual","attributes":[],"label":"4"},{"type":"points","occluded":false,"outside":false,"z_order":0,"rotation":0.0,"points":[728.171899619223,29.29396993172304],"frame":3,"group":0,"source":"manual","attributes":[],"label":"5"}],"label":"pyramid"},{"type":"skeleton","occluded":false,"outside":false,"z_order":0,"rotation":0.0,"points":[],"frame":6,"group":0,"source":"manual","attributes":[],"elements":[{"type":"points","occluded":false,"outside":false,"z_order":0,"rotation":0.0,"points":[693.932641806723,101.79982930672304],"frame":6,"group":0,"source":"manual","attributes":[],"label":"1"},{"type":"points","occluded":false,"outside":false,"z_order":0,"rotation":0.0,"points":[786.127954306723,120.95803243172304],"frame":6,"group":0,"source":"manual","attributes":[],"label":"2"},{"type":"points","occluded":false,"outside":false,"z_order":0,"rotation":0.0,"points":[807.880883994223,98.77150899422304],"frame":6,"group":0,"source":"manual","attributes":[],"label":"3"},{"type":"points","occluded":false,"outside":false,"z_order":0,"rotation":0.0,"points":[726.654321494223,80.62014180672304],"frame":6,"group":0,"source":"manual","attributes":[],"label":"4"},{"type":"points","occluded":false,"outside":false,"z_order":0,"rotation":0.0,"points":[749.754907431723,-1.0595456932769594],"frame":6,"group":0,"source":"manual","attributes":[],"label":"5"}],"label":"pyramid"},{"type":"skeleton","occluded":false,"outside":false,"z_order":0,"rotation":0.0,"points":[],"frame":7,"group":0,"source":"manual","attributes":[],"elements":[{"type":"points","occluded":false,"outside":false,"z_order":0,"rotation":0.0,"points":[700.991235556723,105.88283711922304],"frame":7,"group":0,"source":"manual","attributes":[],"label":"1"},{"type":"points","occluded":false,"outside":false,"z_order":0,"rotation":0.0,"points":[798.219751181723,117.19143086922304],"frame":7,"group":0,"source":"manual","attributes":[],"label":"2"},{"type":"points","occluded":false,"outside":false,"z_order":0,"rotation":0.0,"points":[808.891626181723,95.18166524422304],"frame":7,"group":0,"source":"manual","attributes":[],"label":"3"},{"type":"points","occluded":false,"outside":false,"z_order":0,"rotation":0.0,"points":[725.355493369223,78.63576680672304],"frame":7,"group":0,"source":"manual","attributes":[],"label":"4"},{"type":"points","occluded":false,"outside":false,"z_order":0,"rotation":0.0,"points":[753.617212119223,-7.058569130776959],"frame":7,"group":0,"source":"manual","attributes":[],"label":"5"}],"label":"pyramid"},{"type":"skeleton","occluded":false,"outside":false,"z_order":0,"rotation":0.0,"points":[],"frame":8,"group":0,"source":"manual","attributes":[],"elements":[{"type":"points","occluded":false,"outside":false,"z_order":0,"rotation":0.0,"points":[706.034204306723,105.88283711922304],"frame":8,"group":0,"source":"manual","attributes":[],"label":"1"},{"type":"points","occluded":false,"outside":false,"z_order":0,"rotation":0.0,"points":[807.415063681723,118.42873555672304],"frame":8,"group":0,"source":"manual","attributes":[],"label":"2"},{"type":"points","occluded":false,"outside":false,"z_order":0,"rotation":0.0,"points":[806.873071494223,89.74416524422304],"frame":8,"group":0,"source":"manual","attributes":[],"label":"3"},{"type":"points","occluded":false,"outside":false,"z_order":0,"rotation":0.0,"points":[713.208032431723,71.90432149422304],"frame":8,"group":0,"source":"manual","attributes":[],"label":"4"},{"type":"points","occluded":false,"outside":false,"z_order":0,"rotation":0.0,"points":[756.251977744223,-11.09274881827696],"frame":8,"group":0,"source":"manual","attributes":[],"label":"5"}],"label":"pyramid"},{"type":"skeleton","occluded":false,"outside":false,"z_order":0,"rotation":0.0,"points":[],"frame":9,"group":0,"source":"manual","attributes":[],"elements":[{"type":"points","occluded":false,"outside":false,"z_order":0,"rotation":0.0,"points":[712.084985556723,112.94045430672304],"frame":9,"group":0,"source":"manual","attributes":[],"label":"1"},{"type":"points","occluded":false,"outside":false,"z_order":0,"rotation":0.0,"points":[811.413110556723,113.21682149422304],"frame":9,"group":0,"source":"manual","attributes":[],"label":"2"},{"type":"points","occluded":false,"outside":false,"z_order":0,"rotation":0.0,"points":[795.781274619223,79.55568868172304],"frame":9,"group":0,"source":"manual","attributes":[],"label":"3"},{"type":"points","occluded":false,"outside":false,"z_order":0,"rotation":0.0,"points":[707.366235556723,77.82229024422304],"frame":9,"group":0,"source":"manual","attributes":[],"label":"4"},{"type":"points","occluded":false,"outside":false,"z_order":0,"rotation":0.0,"points":[756.496118369223,-11.09177225577696],"frame":9,"group":0,"source":"manual","attributes":[],"label":"5"}],"label":"pyramid"},{"type":"skeleton","occluded":false,"outside":false,"z_order":0,"rotation":0.0,"points":[],"frame":10,"group":0,"source":"manual","attributes":[],"elements":[{"type":"points","occluded":false,"outside":false,"z_order":0,"rotation":0.0,"points":[712.084008994223,110.87307149422304],"frame":10,"group":0,"source":"manual","attributes":[],"label":"1"},{"type":"points","occluded":false,"outside":false,"z_order":0,"rotation":0.0,"points":[811.896508994223,111.99123555672304],"frame":10,"group":0,"source":"manual","attributes":[],"label":"2"},{"type":"points","occluded":false,"outside":false,"z_order":0,"rotation":0.0,"points":[799.814477744223,80.81838399422304],"frame":10,"group":0,"source":"manual","attributes":[],"label":"3"},{"type":"points","occluded":false,"outside":false,"z_order":0,"rotation":0.0,"points":[706.822290244223,84.13967305672304],"frame":10,"group":0,"source":"manual","attributes":[],"label":"4"},{"type":"points","occluded":false,"outside":false,"z_order":0,"rotation":0.0,"points":[755.020532431723,-13.15915506827696],"frame":10,"group":0,"source":"manual","attributes":[],"label":"5"}],"label":"pyramid"},{"type":"skeleton","occluded":false,"outside":false,"z_order":0,"rotation":0.0,"points":[],"frame":11,"group":0,"source":"manual","attributes":[],"elements":[{"type":"points","occluded":false,"outside":false,"z_order":0,"rotation":0.0,"points":[718.134790244223,117.98244649422304],"frame":11,"group":0,"source":"manual","attributes":[],"label":"1"},{"type":"points","occluded":false,"outside":false,"z_order":0,"rotation":0.0,"points":[813.619165244223,113.30275899422304],"frame":11,"group":0,"source":"manual","attributes":[],"label":"2"},{"type":"points","occluded":false,"outside":false,"z_order":0,"rotation":0.0,"points":[788.722680869223,79.30861836922304],"frame":11,"group":0,"source":"manual","attributes":[],"label":"3"},{"type":"points","occluded":false,"outside":false,"z_order":0,"rotation":0.0,"points":[697.828149619223,84.66994649422304],"frame":11,"group":0,"source":"manual","attributes":[],"label":"4"},{"type":"points","occluded":false,"outside":false,"z_order":0,"rotation":0.0,"points":[751.586938681723,-11.09177225577696],"frame":11,"group":0,"source":"manual","attributes":[],"label":"5"}],"label":"pyramid"},{"type":"skeleton","occluded":false,"outside":false,"z_order":0,"rotation":0.0,"points":[],"frame":12,"group":0,"source":"manual","attributes":[],"elements":[{"type":"points","occluded":false,"outside":false,"z_order":0,"rotation":0.0,"points":[723.175805869223,120.00002461922304],"frame":12,"group":0,"source":"manual","attributes":[],"label":"1"},{"type":"points","occluded":false,"outside":false,"z_order":0,"rotation":0.0,"points":[809.110376181723,111.13869649422304],"frame":12,"group":0,"source":"manual","attributes":[],"label":"2"},{"type":"points","occluded":false,"outside":false,"z_order":0,"rotation":0.0,"points":[779.647485556723,83.67873555672304],"frame":12,"group":0,"source":"manual","attributes":[],"label":"3"},{"type":"points","occluded":false,"outside":false,"z_order":0,"rotation":0.0,"points":[694.627954306723,90.28127461922304],"frame":12,"group":0,"source":"manual","attributes":[],"label":"4"},{"type":"points","occluded":false,"outside":false,"z_order":0,"rotation":0.0,"points":[753.230493369223,-25.20993631827696],"frame":12,"group":0,"source":"manual","attributes":[],"label":"5"}],"label":"pyramid"},{"type":"skeleton","occluded":false,"outside":false,"z_order":0,"rotation":0.0,"points":[],"frame":13,"group":0,"source":"manual","attributes":[],"elements":[{"type":"points","occluded":false,"outside":false,"z_order":0,"rotation":0.0,"points":[730.236352744223,128.06740743172304],"frame":13,"group":0,"source":"manual","attributes":[],"label":"1"},{"type":"points","occluded":false,"outside":false,"z_order":0,"rotation":0.0,"points":[810.773462119223,111.14064961922304],"frame":13,"group":0,"source":"manual","attributes":[],"label":"2"},{"type":"points","occluded":false,"outside":false,"z_order":0,"rotation":0.0,"points":[767.546899619223,84.08889180672304],"frame":13,"group":0,"source":"manual","attributes":[],"label":"3"},{"type":"points","occluded":false,"outside":false,"z_order":0,"rotation":0.0,"points":[690.375024619223,96.78615743172304],"frame":13,"group":0,"source":"manual","attributes":[],"label":"4"},{"type":"points","occluded":false,"outside":false,"z_order":0,"rotation":0.0,"points":[753.478540244223,-28.23532694327696],"frame":13,"group":0,"source":"manual","attributes":[],"label":"5"}],"label":"pyramid"},{"type":"skeleton","occluded":false,"outside":false,"z_order":0,"rotation":0.0,"points":[],"frame":14,"group":0,"source":"manual","attributes":[],"elements":[{"type":"points","occluded":false,"outside":false,"z_order":0,"rotation":0.0,"points":[737.293969931723,133.10842305672304],"frame":14,"group":0,"source":"manual","attributes":[],"label":"1"},{"type":"points","occluded":false,"outside":false,"z_order":0,"rotation":0.0,"points":[814.616235556723,113.26369649422304],"frame":14,"group":0,"source":"manual","attributes":[],"label":"2"},{"type":"points","occluded":false,"outside":false,"z_order":0,"rotation":0.0,"points":[767.545923056723,86.90041524422304],"frame":14,"group":0,"source":"manual","attributes":[],"label":"3"},{"type":"points","occluded":false,"outside":false,"z_order":0,"rotation":0.0,"points":[690.837915244223,105.90139180672304],"frame":14,"group":0,"source":"manual","attributes":[],"label":"4"},{"type":"points","occluded":false,"outside":false,"z_order":0,"rotation":0.0,"points":[754.355493369223,-22.18552225577696],"frame":14,"group":0,"source":"manual","attributes":[],"label":"5"}],"label":"pyramid"},{"type":"skeleton","occluded":false,"outside":false,"z_order":0,"rotation":0.0,"points":[],"frame":15,"group":0,"source":"manual","attributes":[],"elements":[{"type":"points","occluded":false,"outside":false,"z_order":0,"rotation":0.0,"points":[687.883813681723,108.90822774422304],"frame":15,"group":0,"source":"manual","attributes":[],"label":"1"},{"type":"points","occluded":false,"outside":false,"z_order":0,"rotation":0.0,"points":[753.545923056723,135.75490743172304],"frame":15,"group":0,"source":"manual","attributes":[],"label":"2"},{"type":"points","occluded":false,"outside":false,"z_order":0,"rotation":0.0,"points":[813.934594931723,112.25588399422304],"frame":15,"group":0,"source":"manual","attributes":[],"label":"3"},{"type":"points","occluded":false,"outside":false,"z_order":0,"rotation":0.0,"points":[751.725610556723,86.50979024422304],"frame":15,"group":0,"source":"manual","attributes":[],"label":"4"},{"type":"points","occluded":false,"outside":false,"z_order":0,"rotation":0.0,"points":[749.930688681723,-4.033178505776959],"frame":15,"group":0,"source":"manual","attributes":[],"label":"5"}],"label":"pyramid"},{"type":"skeleton","occluded":false,"outside":false,"z_order":0,"rotation":0.0,"points":[],"frame":16,"group":0,"source":"manual","attributes":[],"elements":[{"type":"points","occluded":false,"outside":false,"z_order":0,"rotation":0.0,"points":[693.932641806723,115.96584493172304],"frame":16,"group":0,"source":"manual","attributes":[],"label":"1"},{"type":"points","occluded":false,"outside":false,"z_order":0,"rotation":0.0,"points":[762.661157431723,139.21486836922304],"frame":16,"group":0,"source":"manual","attributes":[],"label":"2"},{"type":"points","occluded":false,"outside":false,"z_order":0,"rotation":0.0,"points":[810.906274619223,115.05568868172304],"frame":16,"group":0,"source":"manual","attributes":[],"label":"3"},{"type":"points","occluded":false,"outside":false,"z_order":0,"rotation":0.0,"points":[748.780298056723,91.50686055672304],"frame":16,"group":0,"source":"manual","attributes":[],"label":"4"},{"type":"points","occluded":false,"outside":false,"z_order":0,"rotation":0.0,"points":[757.920923056723,-10.08493631827696],"frame":16,"group":0,"source":"manual","attributes":[],"label":"5"}],"label":"pyramid"},{"type":"skeleton","occluded":false,"outside":false,"z_order":0,"rotation":0.0,"points":[],"frame":17,"group":0,"source":"manual","attributes":[],"elements":[{"type":"points","occluded":false,"outside":false,"z_order":0,"rotation":0.0,"points":[691.916040244223,113.95021993172304],"frame":17,"group":0,"source":"manual","attributes":[],"label":"1"},{"type":"points","occluded":false,"outside":false,"z_order":0,"rotation":0.0,"points":[761.751001181723,137.19436055672304],"frame":17,"group":0,"source":"manual","attributes":[],"label":"2"},{"type":"points","occluded":false,"outside":false,"z_order":0,"rotation":0.0,"points":[811.916040244223,110.61330586922304],"frame":17,"group":0,"source":"manual","attributes":[],"label":"3"},{"type":"points","occluded":false,"outside":false,"z_order":0,"rotation":0.0,"points":[738.7889754255375,91.05401821173655],"frame":17,"group":0,"source":"manual","attributes":[],"label":"4"},{"type":"points","occluded":false,"outside":false,"z_order":0,"rotation":0.0,"points":[759.038110556723,-8.06735819327696],"frame":17,"group":0,"source":"manual","attributes":[],"label":"5"}],"label":"pyramid"},{"type":"skeleton","occluded":false,"outside":false,"z_order":0,"rotation":0.0,"points":[],"frame":18,"group":0,"source":"manual","attributes":[],"elements":[{"type":"points","occluded":false,"outside":false,"z_order":0,"rotation":0.0,"points":[691.917016806723,113.95021993172304],"frame":18,"group":0,"source":"manual","attributes":[],"label":"1"},{"type":"points","occluded":false,"outside":false,"z_order":0,"rotation":0.0,"points":[763.647485556723,136.15236836922304],"frame":18,"group":0,"source":"manual","attributes":[],"label":"2"},{"type":"points","occluded":false,"outside":false,"z_order":0,"rotation":0.0,"points":[810.908227744223,110.95803243172304],"frame":18,"group":0,"source":"manual","attributes":[],"label":"3"},{"type":"points","occluded":false,"outside":false,"z_order":0,"rotation":0.0,"points":[746.9035422674951,87.98149672676664],"frame":18,"group":0,"source":"manual","attributes":[],"label":"4"},{"type":"points","occluded":false,"outside":false,"z_order":0,"rotation":0.0,"points":[756.404321494223,-14.11716288077696],"frame":18,"group":0,"source":"manual","attributes":[],"label":"5"}],"label":"pyramid"},{"type":"skeleton","occluded":false,"outside":false,"z_order":0,"rotation":0.0,"points":[],"frame":19,"group":0,"source":"manual","attributes":[],"elements":[{"type":"points","occluded":false,"outside":false,"z_order":0,"rotation":0.0,"points":[693.932641806723,113.95021993172304],"frame":19,"group":0,"source":"manual","attributes":[],"label":"1"},{"type":"points","occluded":false,"outside":false,"z_order":0,"rotation":0.0,"points":[766.314477744223,136.05178243172304],"frame":19,"group":0,"source":"manual","attributes":[],"label":"2"},{"type":"points","occluded":false,"outside":false,"z_order":0,"rotation":0.0,"points":[812.924829306723,111.58107930672304],"frame":19,"group":0,"source":"manual","attributes":[],"label":"3"},{"type":"points","occluded":false,"outside":false,"z_order":0,"rotation":0.0,"points":[744.0167740433699,91.42047936380732],"frame":19,"group":0,"source":"manual","attributes":[],"label":"4"},{"type":"points","occluded":false,"outside":false,"z_order":0,"rotation":0.0,"points":[759.590844931723,-11.09177225577696],"frame":19,"group":0,"source":"manual","attributes":[],"label":"5"}],"label":"pyramid"},{"type":"skeleton","occluded":false,"outside":false,"z_order":0,"rotation":0.0,"points":[],"frame":20,"group":0,"source":"manual","attributes":[],"elements":[{"type":"points","occluded":false,"outside":false,"z_order":0,"rotation":0.0,"points":[694.941430869223,118.99123555672304],"frame":20,"group":0,"source":"manual","attributes":[],"label":"1"},{"type":"points","occluded":false,"outside":false,"z_order":0,"rotation":0.0,"points":[764.976587119223,137.17482930672304],"frame":20,"group":0,"source":"manual","attributes":[],"label":"2"},{"type":"points","occluded":false,"outside":false,"z_order":0,"rotation":0.0,"points":[809.898462119223,114.61428243172304],"frame":20,"group":0,"source":"manual","attributes":[],"label":"3"},{"type":"points","occluded":false,"outside":false,"z_order":0,"rotation":0.0,"points":[739.2642246280684,91.81233960897589],"frame":20,"group":0,"source":"manual","attributes":[],"label":"4"},{"type":"points","occluded":false,"outside":false,"z_order":0,"rotation":0.0,"points":[760.432641806723,-10.08395975577696],"frame":20,"group":0,"source":"manual","attributes":[],"label":"5"}],"label":"pyramid"},{"type":"skeleton","occluded":false,"outside":false,"z_order":0,"rotation":0.0,"points":[],"frame":21,"group":0,"source":"manual","attributes":[],"elements":[{"type":"points","occluded":false,"outside":false,"z_order":0,"rotation":0.0,"points":[694.941430869223,117.98342305672304],"frame":21,"group":0,"source":"manual","attributes":[],"label":"1"},{"type":"points","occluded":false,"outside":false,"z_order":0,"rotation":0.0,"points":[770.958032431723,140.25588399422304],"frame":21,"group":0,"source":"manual","attributes":[],"label":"2"},{"type":"points","occluded":false,"outside":false,"z_order":0,"rotation":0.0,"points":[809.898462119223,111.68654805672304],"frame":21,"group":0,"source":"manual","attributes":[],"label":"3"},{"type":"points","occluded":false,"outside":false,"z_order":0,"rotation":0.0,"points":[739.6812405631499,93.57155510475786],"frame":21,"group":0,"source":"manual","attributes":[],"label":"4"},{"type":"points","occluded":false,"outside":false,"z_order":0,"rotation":0.0,"points":[758.902368369223,-10.08298319327696],"frame":21,"group":0,"source":"manual","attributes":[],"label":"5"}],"label":"pyramid"},{"type":"skeleton","occluded":false,"outside":false,"z_order":0,"rotation":0.0,"points":[],"frame":22,"group":0,"source":"manual","attributes":[],"elements":[{"type":"points","occluded":false,"outside":false,"z_order":0,"rotation":0.0,"points":[704.015649619223,121.05861836922304],"frame":22,"group":0,"source":"manual","attributes":[],"label":"1"},{"type":"points","occluded":false,"outside":false,"z_order":0,"rotation":0.0,"points":[784.731469931723,136.29006368172304],"frame":22,"group":0,"source":"manual","attributes":[],"label":"2"},{"type":"points","occluded":false,"outside":false,"z_order":0,"rotation":0.0,"points":[807.880883994223,103.70217305672304],"frame":22,"group":0,"source":"manual","attributes":[],"label":"3"},{"type":"points","occluded":false,"outside":false,"z_order":0,"rotation":0.0,"points":[734.3488864309365,87.82104620751852],"frame":22,"group":0,"source":"manual","attributes":[],"label":"4"},{"type":"points","occluded":false,"outside":false,"z_order":0,"rotation":0.0,"points":[761.421899619223,-10.03415506827696],"frame":22,"group":0,"source":"manual","attributes":[],"label":"5"}],"label":"pyramid"},{"type":"skeleton","occluded":false,"outside":false,"z_order":0,"rotation":0.0,"points":[],"frame":23,"group":0,"source":"manual","attributes":[],"elements":[{"type":"points","occluded":false,"outside":false,"z_order":0,"rotation":0.0,"points":[711.075219931723,128.06838399422304],"frame":23,"group":0,"source":"manual","attributes":[],"label":"1"},{"type":"points","occluded":false,"outside":false,"z_order":0,"rotation":0.0,"points":[795.480493369223,136.27932149422304],"frame":23,"group":0,"source":"manual","attributes":[],"label":"2"},{"type":"points","occluded":false,"outside":false,"z_order":0,"rotation":0.0,"points":[800.823266806723,104.12795430672304],"frame":23,"group":0,"source":"manual","attributes":[],"label":"3"},{"type":"points","occluded":false,"outside":false,"z_order":0,"rotation":0.0,"points":[724.9843057362232,94.77578600859124],"frame":23,"group":0,"source":"manual","attributes":[],"label":"4"},{"type":"points","occluded":false,"outside":false,"z_order":0,"rotation":0.0,"points":[760.915063681723,-6.049780068276959],"frame":23,"group":0,"source":"manual","attributes":[],"label":"5"}],"label":"pyramid"},{"type":"skeleton","occluded":false,"outside":false,"z_order":0,"rotation":0.0,"points":[],"frame":24,"group":0,"source":"manual","attributes":[],"elements":[{"type":"points","occluded":false,"outside":false,"z_order":0,"rotation":0.0,"points":[711.077173056723,128.06740743172304],"frame":24,"group":0,"source":"manual","attributes":[],"label":"1"},{"type":"points","occluded":false,"outside":false,"z_order":0,"rotation":0.0,"points":[798.042993369223,136.16799336922304],"frame":24,"group":0,"source":"manual","attributes":[],"label":"2"},{"type":"points","occluded":false,"outside":false,"z_order":0,"rotation":0.0,"points":[800.825219931723,106.54689961922304],"frame":24,"group":0,"source":"manual","attributes":[],"label":"3"},{"type":"points","occluded":false,"outside":false,"z_order":0,"rotation":0.0,"points":[724.7421043834674,94.83773023397589],"frame":24,"group":0,"source":"manual","attributes":[],"label":"4"},{"type":"points","occluded":false,"outside":false,"z_order":0,"rotation":0.0,"points":[759.792993369223,-8.06638163077696],"frame":24,"group":0,"source":"manual","attributes":[],"label":"5"}],"label":"pyramid"},{"type":"skeleton","occluded":false,"outside":false,"z_order":0,"rotation":0.0,"points":[],"frame":25,"group":0,"source":"manual","attributes":[],"elements":[{"type":"points","occluded":false,"outside":false,"z_order":0,"rotation":0.0,"points":[714.100610556723,134.11818868172304],"frame":25,"group":0,"source":"manual","attributes":[],"label":"1"},{"type":"points","occluded":false,"outside":false,"z_order":0,"rotation":0.0,"points":[797.532251181723,141.52150899422304],"frame":25,"group":0,"source":"manual","attributes":[],"label":"2"},{"type":"points","occluded":false,"outside":false,"z_order":0,"rotation":0.0,"points":[797.797876181723,107.51174336922304],"frame":25,"group":0,"source":"manual","attributes":[],"label":"3"},{"type":"points","occluded":false,"outside":false,"z_order":0,"rotation":0.0,"points":[727.801782431723,99.54592305672304],"frame":25,"group":0,"source":"manual","attributes":[],"label":"4"},{"type":"points","occluded":false,"outside":false,"z_order":0,"rotation":0.0,"points":[761.681665244223,-5.042944130776959],"frame":25,"group":0,"source":"manual","attributes":[],"label":"5"}],"label":"pyramid"},{"type":"skeleton","occluded":false,"outside":false,"z_order":0,"rotation":0.0,"points":[],"frame":26,"group":0,"source":"manual","attributes":[],"elements":[{"type":"points","occluded":false,"outside":false,"z_order":0,"rotation":0.0,"points":[713.091821494223,132.09963399422304],"frame":26,"group":0,"source":"manual","attributes":[],"label":"1"},{"type":"points","occluded":false,"outside":false,"z_order":0,"rotation":0.0,"points":[796.046899619223,140.28420430672304],"frame":26,"group":0,"source":"manual","attributes":[],"label":"2"},{"type":"points","occluded":false,"outside":false,"z_order":0,"rotation":0.0,"points":[798.804712119223,107.90529805672304],"frame":26,"group":0,"source":"manual","attributes":[],"label":"3"},{"type":"points","occluded":false,"outside":false,"z_order":0,"rotation":0.0,"points":[724.6014468483845,103.24786468745151],"frame":26,"group":0,"source":"manual","attributes":[],"label":"4"},{"type":"points","occluded":false,"outside":false,"z_order":0,"rotation":0.0,"points":[762.316430869223,-6.051733193276959],"frame":26,"group":0,"source":"manual","attributes":[],"label":"5"}],"label":"pyramid"},{"type":"skeleton","occluded":false,"outside":false,"z_order":0,"rotation":0.0,"points":[],"frame":27,"group":0,"source":"manual","attributes":[],"elements":[{"type":"points","occluded":false,"outside":false,"z_order":0,"rotation":0.0,"points":[760.939477744223,2.0166261817230406],"frame":27,"group":0,"source":"manual","attributes":[],"label":"5"},{"type":"points","occluded":false,"outside":false,"z_order":0,"rotation":0.0,"points":[796.583032431723,141.23928243172304],"frame":27,"group":0,"source":"manual","attributes":[],"label":"2"},{"type":"points","occluded":false,"outside":false,"z_order":0,"rotation":0.0,"points":[799.815454306723,107.80861836922304],"frame":27,"group":0,"source":"manual","attributes":[],"label":"3"},{"type":"points","occluded":false,"outside":false,"z_order":0,"rotation":0.0,"points":[714.102563681723,136.13479024422304],"frame":27,"group":0,"source":"manual","attributes":[],"label":"1"},{"type":"points","occluded":false,"outside":false,"z_order":0,"rotation":0.0,"points":[723.4207975102818,104.51504099839258],"frame":27,"group":0,"source":"manual","attributes":[],"label":"4"}],"label":"pyramid"},{"type":"skeleton","occluded":false,"outside":false,"z_order":0,"rotation":0.0,"points":[],"frame":28,"group":0,"source":"manual","attributes":[],"elements":[{"type":"points","occluded":false,"outside":false,"z_order":0,"rotation":0.0,"points":[759.1931541451358,0.05078125],"frame":28,"group":0,"source":"manual","attributes":[],"label":"5"},{"type":"points","occluded":false,"outside":false,"z_order":0,"rotation":0.0,"points":[718.608423056723,102.39357930672304],"frame":28,"group":0,"source":"manual","attributes":[],"label":"4"},{"type":"points","occluded":false,"outside":false,"z_order":0,"rotation":0.0,"points":[792.756860556723,106.12795430672304],"frame":28,"group":0,"source":"manual","attributes":[],"label":"3"},{"type":"points","occluded":false,"outside":false,"z_order":0,"rotation":0.0,"points":[797.327173056723,145.36916524422304],"frame":28,"group":0,"source":"manual","attributes":[],"label":"2"},{"type":"points","occluded":false,"outside":false,"z_order":0,"rotation":0.0,"points":[715.109399619223,138.20314961922304],"frame":28,"group":0,"source":"manual","attributes":[],"label":"1"}],"label":"pyramid"},{"type":"skeleton","occluded":false,"outside":false,"z_order":0,"rotation":0.0,"points":[],"frame":29,"group":0,"source":"manual","attributes":[],"elements":[{"type":"points","occluded":false,"outside":false,"z_order":0,"rotation":0.0,"points":[715.109399619223,138.20217305672304],"frame":29,"group":0,"source":"manual","attributes":[],"label":"1"},{"type":"points","occluded":false,"outside":false,"z_order":0,"rotation":0.0,"points":[761.577341162345,5.091796875],"frame":29,"group":0,"source":"manual","attributes":[],"label":"5"},{"type":"points","occluded":false,"outside":false,"z_order":0,"rotation":0.0,"points":[719.212915244223,107.37209493172304],"frame":29,"group":0,"source":"manual","attributes":[],"label":"4"},{"type":"points","occluded":false,"outside":false,"z_order":0,"rotation":0.0,"points":[795.783227744223,110.76760274422304],"frame":29,"group":0,"source":"manual","attributes":[],"label":"3"},{"type":"points","occluded":false,"outside":false,"z_order":0,"rotation":0.0,"points":[797.115258994223,143.46389180672304],"frame":29,"group":0,"source":"manual","attributes":[],"label":"2"}],"label":"pyramid"},{"type":"skeleton","occluded":false,"outside":false,"z_order":0,"rotation":0.0,"points":[],"frame":30,"group":0,"source":"manual","attributes":[],"elements":[{"type":"points","occluded":false,"outside":false,"z_order":0,"rotation":0.0,"points":[758.7563465780604,-0.95703125],"frame":30,"group":0,"source":"manual","attributes":[],"label":"5"},{"type":"points","occluded":false,"outside":false,"z_order":0,"rotation":0.0,"points":[716.117212119223,136.18557149422304],"frame":30,"group":0,"source":"manual","attributes":[],"label":"1"},{"type":"points","occluded":false,"outside":false,"z_order":0,"rotation":0.0,"points":[797.261743369223,139.62209493172304],"frame":30,"group":0,"source":"manual","attributes":[],"label":"2"},{"type":"points","occluded":false,"outside":false,"z_order":0,"rotation":0.0,"points":[793.764673056723,111.91506368172304],"frame":30,"group":0,"source":"manual","attributes":[],"label":"3"},{"type":"points","occluded":false,"outside":false,"z_order":0,"rotation":0.0,"points":[723.709985556723,105.74221211922304],"frame":30,"group":0,"source":"manual","attributes":[],"label":"4"}],"label":"pyramid"},{"type":"skeleton","occluded":false,"outside":false,"z_order":0,"rotation":0.0,"points":[],"frame":31,"group":0,"source":"manual","attributes":[],"elements":[{"type":"points","occluded":false,"outside":false,"z_order":0,"rotation":0.0,"points":[762.082055869223,8.11818868172304],"frame":31,"group":0,"source":"manual","attributes":[],"label":"5"},{"type":"points","occluded":false,"outside":false,"z_order":0,"rotation":0.0,"points":[718.492212119223,110.61525899422304],"frame":31,"group":0,"source":"manual","attributes":[],"label":"4"},{"type":"points","occluded":false,"outside":false,"z_order":0,"rotation":0.0,"points":[792.755883994223,114.91799336922304],"frame":31,"group":0,"source":"manual","attributes":[],"label":"3"},{"type":"points","occluded":false,"outside":false,"z_order":0,"rotation":0.0,"points":[798.465844931723,148.34865743172304],"frame":31,"group":0,"source":"manual","attributes":[],"label":"2"},{"type":"points","occluded":false,"outside":false,"z_order":0,"rotation":0.0,"points":[716.116235556723,143.24514180672304],"frame":31,"group":0,"source":"manual","attributes":[],"label":"1"}],"label":"pyramid"},{"type":"skeleton","occluded":false,"outside":false,"z_order":0,"rotation":0.0,"points":[],"frame":32,"group":0,"source":"manual","attributes":[],"elements":[{"type":"points","occluded":false,"outside":false,"z_order":0,"rotation":0.0,"points":[761.2514112174867,5.683051842486748],"frame":32,"group":0,"source":"manual","attributes":[],"label":"5"},{"type":"points","occluded":false,"outside":false,"z_order":0,"rotation":0.0,"points":[719.5033643424867,111.68109871748675],"frame":32,"group":0,"source":"manual","attributes":[],"label":"4"},{"type":"points","occluded":false,"outside":false,"z_order":0,"rotation":0.0,"points":[793.765625,111.3046875],"frame":32,"group":0,"source":"manual","attributes":[],"label":"3"},{"type":"points","occluded":false,"outside":false,"z_order":0,"rotation":0.0,"points":[799.681640625,146.01171875],"frame":32,"group":0,"source":"manual","attributes":[],"label":"2"},{"type":"points","occluded":false,"outside":false,"z_order":0,"rotation":0.0,"points":[718.1342237174867,145.47211434248675],"frame":32,"group":0,"source":"manual","attributes":[],"label":"1"}],"label":"pyramid"},{"type":"skeleton","occluded":false,"outside":false,"z_order":0,"rotation":0.0,"points":[],"frame":33,"group":0,"source":"manual","attributes":[],"elements":[{"type":"points","occluded":false,"outside":false,"z_order":0,"rotation":0.0,"points":[718.133813681723,147.27834493172304],"frame":33,"group":0,"source":"manual","attributes":[],"label":"1"},{"type":"points","occluded":false,"outside":false,"z_order":0,"rotation":0.0,"points":[761.433618369223,8.11916524422304],"frame":33,"group":0,"source":"manual","attributes":[],"label":"5"},{"type":"points","occluded":false,"outside":false,"z_order":0,"rotation":0.0,"points":[720.961938681723,112.06447774422304],"frame":33,"group":0,"source":"manual","attributes":[],"label":"4"},{"type":"points","occluded":false,"outside":false,"z_order":0,"rotation":0.0,"points":[793.764673056723,115.58986836922304],"frame":33,"group":0,"source":"manual","attributes":[],"label":"3"},{"type":"points","occluded":false,"outside":false,"z_order":0,"rotation":0.0,"points":[799.903344931723,154.54787618172304],"frame":33,"group":0,"source":"manual","attributes":[],"label":"2"}],"label":"pyramid"},{"type":"skeleton","occluded":false,"outside":false,"z_order":0,"rotation":0.0,"points":[],"frame":34,"group":0,"source":"manual","attributes":[],"elements":[{"type":"points","occluded":false,"outside":false,"z_order":0,"rotation":0.0,"points":[798.448266806723,147.53127461922304],"frame":34,"group":0,"source":"manual","attributes":[],"label":"2"},{"type":"points","occluded":false,"outside":false,"z_order":0,"rotation":0.0,"points":[717.126977744223,147.27834493172304],"frame":34,"group":0,"source":"manual","attributes":[],"label":"1"},{"type":"points","occluded":false,"outside":false,"z_order":0,"rotation":0.0,"points":[790.739282431723,113.45021993172304],"frame":34,"group":0,"source":"manual","attributes":[],"label":"3"},{"type":"points","occluded":false,"outside":false,"z_order":0,"rotation":0.0,"points":[718.273462119223,112.46291524422304],"frame":34,"group":0,"source":"manual","attributes":[],"label":"4"},{"type":"points","occluded":false,"outside":false,"z_order":0,"rotation":0.0,"points":[762.6670956639937,14.1689453125],"frame":34,"group":0,"source":"manual","attributes":[],"label":"5"}],"label":"pyramid"},{"type":"skeleton","occluded":false,"outside":false,"z_order":0,"rotation":0.0,"points":[],"frame":35,"group":0,"source":"manual","attributes":[],"elements":[{"type":"points","occluded":false,"outside":false,"z_order":0,"rotation":0.0,"points":[764.969751181723,8.11721211922304],"frame":35,"group":0,"source":"manual","attributes":[],"label":"5"},{"type":"points","occluded":false,"outside":false,"z_order":0,"rotation":0.0,"points":[716.790063681723,112.61818868172304],"frame":35,"group":0,"source":"manual","attributes":[],"label":"4"},{"type":"points","occluded":false,"outside":false,"z_order":0,"rotation":0.0,"points":[790.740258994223,116.18654805672304],"frame":35,"group":0,"source":"manual","attributes":[],"label":"3"},{"type":"points","occluded":false,"outside":false,"z_order":0,"rotation":0.0,"points":[798.918969931723,149.50002461922304],"frame":35,"group":0,"source":"manual","attributes":[],"label":"2"},{"type":"points","occluded":false,"outside":false,"z_order":0,"rotation":0.0,"points":[718.133813681723,146.26760274422304],"frame":35,"group":0,"source":"manual","attributes":[],"label":"1"}],"label":"pyramid"},{"type":"skeleton","occluded":false,"outside":false,"z_order":0,"rotation":0.0,"points":[],"frame":36,"group":0,"source":"manual","attributes":[],"elements":[{"type":"points","occluded":false,"outside":false,"z_order":0,"rotation":0.0,"points":[762.9375,9.1259765625],"frame":36,"group":0,"source":"manual","attributes":[],"label":"5"},{"type":"points","occluded":false,"outside":false,"z_order":0,"rotation":0.0,"points":[718.505859375,110.3916015625],"frame":36,"group":0,"source":"manual","attributes":[],"label":"4"},{"type":"points","occluded":false,"outside":false,"z_order":0,"rotation":0.0,"points":[790.740234375,111.908203125],"frame":36,"group":0,"source":"manual","attributes":[],"label":"3"},{"type":"points","occluded":false,"outside":false,"z_order":0,"rotation":0.0,"points":[798.1845703125,147.572265625],"frame":36,"group":0,"source":"manual","attributes":[],"label":"2"},{"type":"points","occluded":false,"outside":false,"z_order":0,"rotation":0.0,"points":[719.144555869223,146.27053243172304],"frame":36,"group":0,"source":"manual","attributes":[],"label":"1"}],"label":"pyramid"},{"type":"skeleton","occluded":false,"outside":false,"z_order":0,"rotation":0.0,"points":[],"frame":37,"group":0,"source":"manual","attributes":[],"elements":[{"type":"points","occluded":false,"outside":false,"z_order":0,"rotation":0.0,"points":[760.556665244223,17.09182149422304],"frame":37,"group":0,"source":"manual","attributes":[],"label":"5"},{"type":"points","occluded":false,"outside":false,"z_order":0,"rotation":0.0,"points":[712.4315456346776,117.66000150437321],"frame":37,"group":0,"source":"manual","attributes":[],"label":"4"},{"type":"points","occluded":false,"outside":false,"z_order":0,"rotation":0.0,"points":[720.150415244223,150.20021993172304],"frame":37,"group":0,"source":"manual","attributes":[],"label":"1"},{"type":"points","occluded":false,"outside":false,"z_order":0,"rotation":0.0,"points":[802.109399619223,151.40822774422304],"frame":37,"group":0,"source":"manual","attributes":[],"label":"2"},{"type":"points","occluded":false,"outside":false,"z_order":0,"rotation":0.0,"points":[789.730493369223,116.27443868172304],"frame":37,"group":0,"source":"manual","attributes":[],"label":"3"}],"label":"pyramid"},{"type":"skeleton","occluded":false,"outside":false,"z_order":0,"rotation":0.0,"points":[],"frame":38,"group":0,"source":"manual","attributes":[],"elements":[{"type":"points","occluded":false,"outside":false,"z_order":0,"rotation":0.0,"points":[762.836938681723,3.9824464942230406],"frame":38,"group":0,"source":"manual","attributes":[],"label":"5"},{"type":"points","occluded":false,"outside":false,"z_order":0,"rotation":0.0,"points":[714.273184557771,117.77274391595165],"frame":38,"group":0,"source":"manual","attributes":[],"label":"4"},{"type":"points","occluded":false,"outside":false,"z_order":0,"rotation":0.0,"points":[788.469751181723,116.77248555672304],"frame":38,"group":0,"source":"manual","attributes":[],"label":"3"},{"type":"points","occluded":false,"outside":false,"z_order":0,"rotation":0.0,"points":[798.782251181723,153.81350118172304],"frame":38,"group":0,"source":"manual","attributes":[],"label":"2"},{"type":"points","occluded":false,"outside":false,"z_order":0,"rotation":0.0,"points":[721.379907431723,154.23439961922304],"frame":38,"group":0,"source":"manual","attributes":[],"label":"1"}],"label":"pyramid"},{"type":"skeleton","occluded":false,"outside":false,"z_order":0,"rotation":0.0,"points":[],"frame":39,"group":0,"source":"manual","attributes":[],"elements":[{"type":"points","occluded":false,"outside":false,"z_order":0,"rotation":0.0,"points":[761.558618369223,14.16799336922304],"frame":39,"group":0,"source":"manual","attributes":[],"label":"5"},{"type":"points","occluded":false,"outside":false,"z_order":0,"rotation":0.0,"points":[722.168969931723,150.30275899422304],"frame":39,"group":0,"source":"manual","attributes":[],"label":"1"},{"type":"points","occluded":false,"outside":false,"z_order":0,"rotation":0.0,"points":[797.710962119223,152.59865743172304],"frame":39,"group":0,"source":"manual","attributes":[],"label":"2"},{"type":"points","occluded":false,"outside":false,"z_order":0,"rotation":0.0,"points":[788.722680869223,118.33498555672304],"frame":39,"group":0,"source":"manual","attributes":[],"label":"3"},{"type":"points","occluded":false,"outside":false,"z_order":0,"rotation":0.0,"points":[713.2896291058241,116.64467641902047],"frame":39,"group":0,"source":"manual","attributes":[],"label":"4"}],"label":"pyramid"},{"type":"skeleton","occluded":false,"outside":false,"z_order":0,"rotation":0.0,"points":[],"frame":40,"group":0,"source":"manual","attributes":[],"elements":[{"type":"points","occluded":false,"outside":false,"z_order":0,"rotation":0.0,"points":[671.747094931723,156.35354024422304],"frame":40,"group":0,"source":"manual","attributes":[],"label":"1"},{"type":"points","occluded":false,"outside":false,"z_order":0,"rotation":0.0,"points":[734.971704306723,13.16018086922304],"frame":40,"group":0,"source":"manual","attributes":[],"label":"5"},{"type":"points","occluded":false,"outside":false,"z_order":0,"rotation":0.0,"points":[676.3840149754251,121.69358700797784],"frame":40,"group":0,"source":"manual","attributes":[],"label":"4"},{"type":"points","occluded":false,"outside":false,"z_order":0,"rotation":0.0,"points":[772.588891806723,131.31350118172304],"frame":40,"group":0,"source":"manual","attributes":[],"label":"3"},{"type":"points","occluded":false,"outside":false,"z_order":0,"rotation":0.0,"points":[775.736352744223,169.66896993172304],"frame":40,"group":0,"source":"manual","attributes":[],"label":"2"}],"label":"pyramid"},{"type":"skeleton","occluded":false,"outside":false,"z_order":0,"rotation":0.0,"points":[],"frame":41,"group":0,"source":"manual","attributes":[],"elements":[{"type":"points","occluded":false,"outside":false,"z_order":0,"rotation":0.0,"points":[775.612329306723,136.04299336922304],"frame":41,"group":0,"source":"manual","attributes":[],"label":"3"},{"type":"points","occluded":false,"outside":false,"z_order":0,"rotation":0.0,"points":[671.748071494223,157.36135274422304],"frame":41,"group":0,"source":"manual","attributes":[],"label":"1"},{"type":"points","occluded":false,"outside":false,"z_order":0,"rotation":0.0,"points":[777.634790244223,167.70314961922304],"frame":41,"group":0,"source":"manual","attributes":[],"label":"2"},{"type":"points","occluded":false,"outside":false,"z_order":0,"rotation":0.0,"points":[679.456079306723,128.04201680672304],"frame":41,"group":0,"source":"manual","attributes":[],"label":"4"},{"type":"points","occluded":false,"outside":false,"z_order":0,"rotation":0.0,"points":[735.362329306723,13.16018086922304],"frame":41,"group":0,"source":"manual","attributes":[],"label":"5"}],"label":"pyramid"},{"type":"skeleton","occluded":false,"outside":false,"z_order":0,"rotation":0.0,"points":[],"frame":42,"group":0,"source":"manual","attributes":[],"elements":[{"type":"points","occluded":false,"outside":false,"z_order":0,"rotation":0.0,"points":[742.654321494223,14.16799336922304],"frame":42,"group":0,"source":"manual","attributes":[],"label":"5"},{"type":"points","occluded":false,"outside":false,"z_order":0,"rotation":0.0,"points":[683.5461302873209,127.23651452599916],"frame":42,"group":0,"source":"manual","attributes":[],"label":"4"},{"type":"points","occluded":false,"outside":false,"z_order":0,"rotation":0.0,"points":[780.6542157237564,136.4209673643254],"frame":42,"group":0,"source":"manual","attributes":[],"label":"3"},{"type":"points","occluded":false,"outside":false,"z_order":0,"rotation":0.0,"points":[778.239282431723,166.68068868172304],"frame":42,"group":0,"source":"manual","attributes":[],"label":"2"},{"type":"points","occluded":false,"outside":false,"z_order":0,"rotation":0.0,"points":[677.796899619223,154.33596211922304],"frame":42,"group":0,"source":"manual","attributes":[],"label":"1"}],"label":"pyramid"},{"type":"skeleton","occluded":false,"outside":false,"z_order":0,"rotation":0.0,"points":[],"frame":43,"group":0,"source":"manual","attributes":[],"elements":[{"type":"points","occluded":false,"outside":false,"z_order":0,"rotation":0.0,"points":[749.723657431723,15.17678243172304],"frame":43,"group":0,"source":"manual","attributes":[],"label":"5"},{"type":"points","occluded":false,"outside":false,"z_order":0,"rotation":0.0,"points":[692.7739843161744,127.58816231265519],"frame":43,"group":0,"source":"manual","attributes":[],"label":"4"},{"type":"points","occluded":false,"outside":false,"z_order":0,"rotation":0.0,"points":[786.706079306723,137.65139180672304],"frame":43,"group":0,"source":"manual","attributes":[],"label":"3"},{"type":"points","occluded":false,"outside":false,"z_order":0,"rotation":0.0,"points":[786.674829306723,172.74123555672304],"frame":43,"group":0,"source":"manual","attributes":[],"label":"2"},{"type":"points","occluded":false,"outside":false,"z_order":0,"rotation":0.0,"points":[681.832055869223,161.39455586922304],"frame":43,"group":0,"source":"manual","attributes":[],"label":"1"}],"label":"pyramid"},{"type":"skeleton","occluded":false,"outside":false,"z_order":0,"rotation":0.0,"points":[],"frame":44,"group":0,"source":"manual","attributes":[],"elements":[{"type":"points","occluded":false,"outside":false,"z_order":0,"rotation":0.0,"points":[750.864282431723,17.19436055672304],"frame":44,"group":0,"source":"manual","attributes":[],"label":"5"},{"type":"points","occluded":false,"outside":false,"z_order":0,"rotation":0.0,"points":[697.3527531016352,130.25498674954179],"frame":44,"group":0,"source":"manual","attributes":[],"label":"4"},{"type":"points","occluded":false,"outside":false,"z_order":0,"rotation":0.0,"points":[793.765649619223,137.55959493172304],"frame":44,"group":0,"source":"manual","attributes":[],"label":"3"},{"type":"points","occluded":false,"outside":false,"z_order":0,"rotation":0.0,"points":[794.931665244223,171.79592305672304],"frame":44,"group":0,"source":"manual","attributes":[],"label":"2"},{"type":"points","occluded":false,"outside":false,"z_order":0,"rotation":0.0,"points":[691.916040244223,159.37893086922304],"frame":44,"group":0,"source":"manual","attributes":[],"label":"1"}],"label":"pyramid"},{"type":"skeleton","occluded":false,"outside":false,"z_order":0,"rotation":0.0,"points":[],"frame":45,"group":0,"source":"manual","attributes":[],"elements":[{"type":"points","occluded":false,"outside":false,"z_order":0,"rotation":0.0,"points":[688.888696494223,153.32912618172304],"frame":45,"group":0,"source":"manual","attributes":[],"label":"1"},{"type":"points","occluded":false,"outside":false,"z_order":0,"rotation":0.0,"points":[792.758813681723,165.63674336922304],"frame":45,"group":0,"source":"manual","attributes":[],"label":"2"},{"type":"points","occluded":false,"outside":false,"z_order":0,"rotation":0.0,"points":[793.762719931723,136.35646993172304],"frame":45,"group":0,"source":"manual","attributes":[],"label":"3"},{"type":"points","occluded":false,"outside":false,"z_order":0,"rotation":0.0,"points":[698.6138161923827,125.72776669547784],"frame":45,"group":0,"source":"manual","attributes":[],"label":"4"},{"type":"points","occluded":false,"outside":false,"z_order":0,"rotation":0.0,"points":[751.495141806723,15.17678243172304],"frame":45,"group":0,"source":"manual","attributes":[],"label":"5"}],"label":"pyramid"},{"type":"skeleton","occluded":false,"outside":false,"z_order":0,"rotation":0.0,"points":[],"frame":46,"group":0,"source":"manual","attributes":[],"elements":[{"type":"points","occluded":false,"outside":false,"z_order":0,"rotation":0.0,"points":[685.865258994223,158.36818868172304],"frame":46,"group":0,"source":"manual","attributes":[],"label":"1"},{"type":"points","occluded":false,"outside":false,"z_order":0,"rotation":0.0,"points":[790.318383994223,167.63967305672304],"frame":46,"group":0,"source":"manual","attributes":[],"label":"2"},{"type":"points","occluded":false,"outside":false,"z_order":0,"rotation":0.0,"points":[792.755883994223,135.12502461922304],"frame":46,"group":0,"source":"manual","attributes":[],"label":"3"},{"type":"points","occluded":false,"outside":false,"z_order":0,"rotation":0.0,"points":[695.7873491406808,124.36635328382181],"frame":46,"group":0,"source":"manual","attributes":[],"label":"4"},{"type":"points","occluded":false,"outside":false,"z_order":0,"rotation":0.0,"points":[751.222680869223,11.14162618172304],"frame":46,"group":0,"source":"manual","attributes":[],"label":"5"}],"label":"pyramid"},{"type":"skeleton","occluded":false,"outside":false,"z_order":0,"rotation":0.0,"points":[],"frame":47,"group":0,"source":"manual","attributes":[],"elements":[{"type":"points","occluded":false,"outside":false,"z_order":0,"rotation":0.0,"points":[677.797876181723,161.39455586922304],"frame":47,"group":0,"source":"manual","attributes":[],"label":"1"},{"type":"points","occluded":false,"outside":false,"z_order":0,"rotation":0.0,"points":[784.812524619223,168.72951680672304],"frame":47,"group":0,"source":"manual","attributes":[],"label":"2"},{"type":"points","occluded":false,"outside":false,"z_order":0,"rotation":0.0,"points":[784.689477744223,133.05178243172304],"frame":47,"group":0,"source":"manual","attributes":[],"label":"3"},{"type":"points","occluded":false,"outside":false,"z_order":0,"rotation":0.0,"points":[688.4846009129251,123.24946569846907],"frame":47,"group":0,"source":"manual","attributes":[],"label":"4"},{"type":"points","occluded":false,"outside":false,"z_order":0,"rotation":0.0,"points":[745.054712119223,10.13479024422304],"frame":47,"group":0,"source":"manual","attributes":[],"label":"5"}],"label":"pyramid"},{"type":"skeleton","occluded":false,"outside":false,"z_order":0,"rotation":0.0,"points":[],"frame":48,"group":0,"source":"manual","attributes":[],"elements":[{"type":"points","occluded":false,"outside":false,"z_order":0,"rotation":0.0,"points":[675.781274619223,164.41896993172304],"frame":48,"group":0,"source":"manual","attributes":[],"label":"1"},{"type":"points","occluded":false,"outside":false,"z_order":0,"rotation":0.0,"points":[780.990258994223,178.70119649422304],"frame":48,"group":0,"source":"manual","attributes":[],"label":"2"},{"type":"points","occluded":false,"outside":false,"z_order":0,"rotation":0.0,"points":[781.663110556723,146.56154805672304],"frame":48,"group":0,"source":"manual","attributes":[],"label":"3"},{"type":"points","occluded":false,"outside":false,"z_order":0,"rotation":0.0,"points":[685.865119595026,136.4198083613519],"frame":48,"group":0,"source":"manual","attributes":[],"label":"4"},{"type":"points","occluded":false,"outside":false,"z_order":0,"rotation":0.0,"points":[741.663110556723,19.20900899422304],"frame":48,"group":0,"source":"manual","attributes":[],"label":"5"}],"label":"pyramid"},{"type":"skeleton","occluded":false,"outside":false,"z_order":0,"rotation":0.0,"points":[],"frame":49,"group":0,"source":"manual","attributes":[],"elements":[{"type":"points","occluded":false,"outside":false,"z_order":0,"rotation":0.0,"points":[671.749048056723,175.51369649422304],"frame":49,"group":0,"source":"manual","attributes":[],"label":"1"},{"type":"points","occluded":false,"outside":false,"z_order":0,"rotation":0.0,"points":[781.444360556723,186.80275899422304],"frame":49,"group":0,"source":"manual","attributes":[],"label":"2"},{"type":"points","occluded":false,"outside":false,"z_order":0,"rotation":0.0,"points":[780.656274619223,150.25197774422304],"frame":49,"group":0,"source":"manual","attributes":[],"label":"3"},{"type":"points","occluded":false,"outside":false,"z_order":0,"rotation":0.0,"points":[686.1795905307117,138.4854939088218],"frame":49,"group":0,"source":"manual","attributes":[],"label":"4"},{"type":"points","occluded":false,"outside":false,"z_order":0,"rotation":0.0,"points":[743.542993369223,25.26076680672304],"frame":49,"group":0,"source":"manual","attributes":[],"label":"5"}],"label":"pyramid"}],"tracks":[]}]