[{"version":0,"tags":[],"shapes":[],"tracks":[{"frame":0,"group":0,"source":"manual","shapes":[{"type":"skeleton","occluded":false,"outside":false,"z_order":0,"rotation":0.0,"points":[720.3703933030702,235.05083489972193,868.1319590362361,234.76159212867364,897.2775991447182,202.36523390845588,777.3060455055349,198.8941957507631,786.7953172139936,154.6384686080637],"frame":0,"attributes":[]}],"attributes":[],"elements":[{"frame":0,"group":0,"source":"manual","shapes":[{"type":"points","occluded":false,"outside":false,"z_order":0,"rotation":0.0,"points":[680.7822466978087,311.75197326030866],"frame":0,"attributes":[]},{"type":"points","occluded":false,"outside":false,"z_order":0,"rotation":0.0,"points":[689.050049501373,221.012940126373],"frame":1,"attributes":[]},{"type":"points","occluded":false,"outside":false,"z_order":0,"rotation":0.0,"points":[696.036377626373,297.304932313873],"frame":2,"attributes":[]},{"type":"points","occluded":false,"outside":false,"z_order":0,"rotation":0.0,"points":[701.403565126373,281.641846376373],"frame":3,"attributes":[]},{"type":"points","occluded":false,"outside":false,"z_order":0,"rotation":0.0,"points":[636.649658876373,173.206299501373],"frame":4,"attributes":[]},{"type":"points","occluded":false,"outside":false,"z_order":0,"rotation":0.0,"points":[668.96484375,153.31959081902824],"frame":5,"attributes":[]},{"type":"points","occluded":false,"outside":false,"z_order":0,"rotation":0.0,"points":[694.6177744069773,227.29843846947733],"frame":6,"attributes":[]},{"type":"points","occluded":false,"outside":false,"z_order":0,"rotation":0.0,"points":[695.2144540944773,229.68515721947733],"frame":7,"attributes":[]},{"type":"points","occluded":false,"outside":false,"z_order":0,"rotation":0.0,"points":[736.9771494069773,275.02695409447733],"frame":8,"attributes":[]},{"type":"points","occluded":false,"outside":false,"z_order":0,"rotation":0.0,"points":[756.6646494069773,284.57187596947733],"frame":9,"attributes":[]},{"type":"points","occluded":false,"outside":false,"z_order":0,"rotation":0.0,"points":[775.1597665944773,278.00937596947733],"frame":10,"attributes":[]},{"type":"points","occluded":false,"outside":false,"z_order":0,"rotation":0.0,"points":[790.6724619069773,269.65586034447733],"frame":11,"attributes":[]},{"type":"points","occluded":false,"outside":false,"z_order":0,"rotation":0.0,"points":[797.2349619069773,269.65586034447733],"frame":12,"attributes":[]},{"type":"points","occluded":false,"outside":false,"z_order":0,"rotation":0.0,"points":[794.2515634694773,257.72421971947733],"frame":14,"attributes":[]},{"type":"points","occluded":false,"outside":false,"z_order":0,"rotation":0.0,"points":[793.0591806569773,258.32089940697733],"frame":15,"attributes":[]},{"type":"points","occluded":false,"outside":false,"z_order":0,"rotation":0.0,"points":[792.4625009694773,247.58261815697733],"frame":16,"attributes":[]},{"type":"points","occluded":false,"outside":false,"z_order":0,"rotation":0.0,"points":[795.4449228444773,248.77597753197733],"frame":17,"attributes":[]},{"type":"points","occluded":false,"outside":false,"z_order":0,"rotation":0.0,"points":[798.4273447194773,249.96836034447733],"frame":18,"attributes":[]},{"type":"points","occluded":false,"outside":false,"z_order":0,"rotation":0.0,"points":[802.6041025319773,254.14511815697733],"frame":19,"attributes":[]},{"type":"points","occluded":false,"outside":false,"z_order":0,"rotation":0.0,"points":[809.1656259694773,261.30429784447733],"frame":20,"attributes":[]},{"type":"points","occluded":false,"outside":false,"z_order":0,"rotation":0.0,"points":[812.7457040944773,266.67343846947733],"frame":21,"attributes":[]},{"type":"points","occluded":false,"outside":false,"z_order":0,"rotation":0.0,"points":[816.3248056569773,265.48007909447733],"frame":22,"attributes":[]},{"type":"points","occluded":false,"outside":false,"z_order":0,"rotation":0.0,"points":[820.5015634694773,264.28671971947733],"frame":23,"attributes":[]},{"type":"points","occluded":false,"outside":false,"z_order":0,"rotation":0.0,"points":[824.6783212819773,267.86679784447733],"frame":24,"attributes":[]},{"type":"points","occluded":false,"outside":false,"z_order":0,"rotation":0.0,"points":[815.1324228444773,257.72421971947733],"frame":25,"attributes":[]},{"type":"points","occluded":false,"outside":false,"z_order":0,"rotation":0.0,"points":[806.1832040944773,256.53086034447733],"frame":26,"attributes":[]},{"type":"points","occluded":false,"outside":false,"z_order":0,"rotation":0.0,"points":[801.4097665944773,261.90097753197733],"frame":27,"attributes":[]},{"type":"points","occluded":false,"outside":false,"z_order":0,"rotation":0.0,"points":[801.4097665944773,258.91660253197733],"frame":28,"attributes":[]},{"type":"points","occluded":false,"outside":false,"z_order":0,"rotation":0.0,"points":[803.7964853444773,263.68808690697733],"frame":29,"attributes":[]},{"type":"points","occluded":false,"outside":false,"z_order":0,"rotation":0.0,"points":[802.0064462819773,265.47812596947733],"frame":30,"attributes":[]},{"type":"points","occluded":false,"outside":false,"z_order":0,"rotation":0.0,"points":[803.7955087819773,270.84726659447733],"frame":31,"attributes":[]},{"type":"points","occluded":false,"outside":false,"z_order":0,"rotation":0.0,"points":[804.9878915944773,270.24961034447733],"frame":32,"attributes":[]},{"type":"points","occluded":false,"outside":false,"z_order":0,"rotation":0.0,"points":[807.3736337819773,270.24863378197733],"frame":35,"attributes":[]},{"type":"points","occluded":false,"outside":false,"z_order":0,"rotation":0.0,"points":[804.0914072194773,266.36972753197733],"frame":37,"attributes":[]},{"type":"points","occluded":false,"outside":false,"z_order":0,"rotation":0.0,"points":[805.0356453391487,267.5131844016487],"frame":38,"attributes":[]},{"type":"points","occluded":false,"outside":false,"z_order":0,"rotation":0.0,"points":[766.2076181569773,263.68515721947733],"frame":39,"attributes":[]},{"type":"points","occluded":false,"outside":false,"z_order":0,"rotation":0.0,"points":[767.2438563553114,261.95870010531144],"frame":41,"attributes":[]},{"type":"points","occluded":false,"outside":false,"z_order":0,"rotation":0.0,"points":[767.3071297141487,263.4077156516487],"frame":44,"attributes":[]},{"type":"points","occluded":false,"outside":false,"z_order":0,"rotation":0.0,"points":[769.3161219803114,244.00459854281144],"frame":45,"attributes":[]},{"type":"points","occluded":false,"outside":false,"z_order":0,"rotation":0.0,"points":[762.4108485428114,229.50362198031144],"frame":46,"attributes":[]},{"type":"points","occluded":false,"outside":false,"z_order":0,"rotation":0.0,"points":[754.1247157303114,210.16963760531144],"frame":47,"attributes":[]},{"type":"points","occluded":false,"outside":false,"z_order":0,"rotation":0.0,"points":[750.3268641678114,195.66866104281144],"frame":48,"attributes":[]},{"type":"points","occluded":false,"outside":false,"z_order":0,"rotation":0.0,"points":[752.7428797928114,180.13252823031144],"frame":49,"attributes":[]}],"attributes":[],"label":"1"},{"frame":0,"group":0,"source":"manual","shapes":[{"type":"points","occluded":false,"outside":false,"z_order":0,"rotation":0.0,"points":[787.7197466978087,313.93752013530866],"frame":0,"attributes":[]},{"type":"points","occluded":false,"outside":false,"z_order":0,"rotation":0.0,"points":[767.906494813873,219.894776063873],"frame":1,"attributes":[]},{"type":"points","occluded":false,"outside":false,"z_order":0,"rotation":0.0,"points":[797.6152545103087,292.90724669780866],"frame":2,"attributes":[]},{"type":"points","occluded":false,"outside":false,"z_order":0,"rotation":0.0,"points":[772.009033876373,267.721924501373],"frame":3,"attributes":[]},{"type":"points","occluded":false,"outside":false,"z_order":0,"rotation":0.0,"points":[730.8125201353087,176.61720763530866],"frame":4,"attributes":[]},{"type":"points","occluded":false,"outside":false,"z_order":0,"rotation":0.0,"points":[758.155518251373,150.101807313873],"frame":5,"attributes":[]},{"type":"points","occluded":false,"outside":false,"z_order":0,"rotation":0.0,"points":[800.5142587819773,237.20566503197733],"frame":6,"attributes":[]},{"type":"points","occluded":false,"outside":false,"z_order":0,"rotation":0.0,"points":[799.039307313873,235.416260438873],"frame":7,"attributes":[]},{"type":"points","occluded":false,"outside":false,"z_order":0,"rotation":0.0,"points":[816.6216806569773,248.53964940697733],"frame":8,"attributes":[]},{"type":"points","occluded":false,"outside":false,"z_order":0,"rotation":0.0,"points":[823.1841806569773,244.95957128197733],"frame":9,"attributes":[]},{"type":"points","occluded":false,"outside":false,"z_order":0,"rotation":0.0,"points":[827.3609384694773,235.41269628197733],"frame":10,"attributes":[]},{"type":"points","occluded":false,"outside":false,"z_order":0,"rotation":0.0,"points":[831.5367197194773,232.42929784447733],"frame":11,"attributes":[]},{"type":"points","occluded":false,"outside":false,"z_order":0,"rotation":0.0,"points":[821.9908212819773,216.32089940697733],"frame":12,"attributes":[]},{"type":"points","occluded":false,"outside":false,"z_order":0,"rotation":0.0,"points":[822.1889656516487,217.3149422141487],"frame":13,"attributes":[]},{"type":"points","occluded":false,"outside":false,"z_order":0,"rotation":0.0,"points":[809.4615244069773,210.35507909447733],"frame":14,"attributes":[]},{"type":"points","occluded":false,"outside":false,"z_order":0,"rotation":0.0,"points":[804.6890634694773,207.96836034447733],"frame":15,"attributes":[]},{"type":"points","occluded":false,"outside":false,"z_order":0,"rotation":0.0,"points":[790.3707040944773,207.37168065697733],"frame":16,"attributes":[]},{"type":"points","occluded":false,"outside":false,"z_order":0,"rotation":0.0,"points":[783.2115244069773,201.40586034447733],"frame":17,"attributes":[]},{"type":"points","occluded":false,"outside":false,"z_order":0,"rotation":0.0,"points":[778.4390634694773,201.40586034447733],"frame":18,"attributes":[]},{"type":"points","occluded":false,"outside":false,"z_order":0,"rotation":0.0,"points":[775.4556650319773,209.16171971947733],"frame":19,"attributes":[]},{"type":"points","occluded":false,"outside":false,"z_order":0,"rotation":0.0,"points":[779.0337900319773,212.14511815697733],"frame":20,"attributes":[]},{"type":"points","occluded":false,"outside":false,"z_order":0,"rotation":0.0,"points":[780.8228525319773,212.14511815697733],"frame":21,"attributes":[]},{"type":"points","occluded":false,"outside":false,"z_order":0,"rotation":0.0,"points":[786.1910165944773,217.51523534447733],"frame":22,"attributes":[]},{"type":"points","occluded":false,"outside":false,"z_order":0,"rotation":0.0,"points":[796.9302744069773,218.70761815697733],"frame":23,"attributes":[]},{"type":"points","occluded":false,"outside":false,"z_order":0,"rotation":0.0,"points":[804.0884775319773,213.33847753197733],"frame":24,"attributes":[]},{"type":"points","occluded":false,"outside":false,"z_order":0,"rotation":0.0,"points":[799.3150400319773,212.74082128197733],"frame":25,"attributes":[]},{"type":"points","occluded":false,"outside":false,"z_order":0,"rotation":0.0,"points":[794.5416025319773,215.72324315697733],"frame":26,"attributes":[]},{"type":"points","occluded":false,"outside":false,"z_order":0,"rotation":0.0,"points":[789.1714853444773,213.33652440697733],"frame":27,"attributes":[]},{"type":"points","occluded":false,"outside":false,"z_order":0,"rotation":0.0,"points":[790.9615244069773,213.33652440697733],"frame":28,"attributes":[]},{"type":"points","occluded":false,"outside":false,"z_order":0,"rotation":0.0,"points":[793.3482431569773,220.49570409447733],"frame":29,"attributes":[]},{"type":"points","occluded":false,"outside":false,"z_order":0,"rotation":0.0,"points":[793.3482431569773,222.88242284447733],"frame":30,"attributes":[]},{"type":"points","occluded":false,"outside":false,"z_order":0,"rotation":0.0,"points":[792.1548837819773,222.28574315697733],"frame":31,"attributes":[]},{"type":"points","occluded":false,"outside":false,"z_order":0,"rotation":0.0,"points":[793.3472665944773,223.47910253197733],"frame":32,"attributes":[]},{"type":"points","occluded":false,"outside":false,"z_order":0,"rotation":0.0,"points":[794.5406259694773,224.07382909447733],"frame":35,"attributes":[]},{"type":"points","occluded":false,"outside":false,"z_order":0,"rotation":0.0,"points":[794.9322275319773,225.09433690697733],"frame":37,"attributes":[]},{"type":"points","occluded":false,"outside":false,"z_order":0,"rotation":0.0,"points":[795.2270515891487,223.7153328391487],"frame":38,"attributes":[]},{"type":"points","occluded":false,"outside":false,"z_order":0,"rotation":0.0,"points":[760.7204188553114,233.27412979281144],"frame":39,"attributes":[]},{"type":"points","occluded":false,"outside":false,"z_order":0,"rotation":0.0,"points":[761.7565516678114,232.92940323031144],"frame":41,"attributes":[]},{"type":"points","occluded":false,"outside":false,"z_order":0,"rotation":0.0,"points":[760.6889656516487,233.0834969016487],"frame":44,"attributes":[]},{"type":"points","occluded":false,"outside":false,"z_order":0,"rotation":0.0,"points":[751.0544032303114,213.24873916781144],"frame":45,"attributes":[]},{"type":"points","occluded":false,"outside":false,"z_order":0,"rotation":0.0,"points":[737.2448329178114,199.09151260531144],"frame":46,"attributes":[]},{"type":"points","occluded":false,"outside":false,"z_order":0,"rotation":0.0,"points":[719.9811610428114,182.51924698031144],"frame":47,"attributes":[]},{"type":"points","occluded":false,"outside":false,"z_order":0,"rotation":0.0,"points":[709.6227626053114,167.32881729281144],"frame":48,"attributes":[]},{"type":"points","occluded":false,"outside":false,"z_order":0,"rotation":0.0,"points":[708.5866297928114,154.55440323031144],"frame":49,"attributes":[]}],"attributes":[],"label":"2"},{"frame":0,"group":0,"source":"manual","shapes":[{"type":"points","occluded":false,"outside":false,"z_order":0,"rotation":0.0,"points":[773.5664263853087,267.93263732280866],"frame":0,"attributes":[]},{"type":"points","occluded":false,"outside":false,"z_order":0,"rotation":0.0,"points":[755.418213563873,180.495362001373],"frame":1,"attributes":[]},{"type":"points","occluded":false,"outside":false,"z_order":0,"rotation":0.0,"points":[772.3291216978087,245.66505919780866],"frame":2,"attributes":[]},{"type":"points","occluded":false,"outside":false,"z_order":0,"rotation":0.0,"points":[762.0,230.013671875],"frame":3,"attributes":[]},{"type":"points","occluded":false,"outside":false,"z_order":0,"rotation":0.0,"points":[715.820557313873,135.560791688873],"frame":4,"attributes":[]},{"type":"points","occluded":false,"outside":false,"z_order":0,"rotation":0.0,"points":[725.348877626373,113.601807313873],"frame":5,"attributes":[]},{"type":"points","occluded":false,"outside":false,"z_order":0,"rotation":0.0,"points":[790.9742197194773,171.47226659447733],"frame":6,"attributes":[]},{"type":"points","occluded":false,"outside":false,"z_order":0,"rotation":0.0,"points":[788.820557313873,170.544190126373],"frame":7,"attributes":[]},{"type":"points","occluded":false,"outside":false,"z_order":0,"rotation":0.0,"points":[740.2632822194773,206.07382909447733],"frame":8,"attributes":[]},{"type":"points","occluded":false,"outside":false,"z_order":0,"rotation":0.0,"points":[737.8765634694773,197.12461034447733],"frame":9,"attributes":[]},{"type":"points","occluded":false,"outside":false,"z_order":0,"rotation":0.0,"points":[733.7007822194773,194.73789159447733],"frame":10,"attributes":[]},{"type":"points","occluded":false,"outside":false,"z_order":0,"rotation":0.0,"points":[728.9273447194773,195.93125096947733],"frame":11,"attributes":[]},{"type":"points","occluded":false,"outside":false,"z_order":0,"rotation":0.0,"points":[718.1880869069773,188.77207128197733],"frame":12,"attributes":[]},{"type":"points","occluded":false,"outside":false,"z_order":0,"rotation":0.0,"points":[716.3980478444773,188.17441503197733],"frame":13,"attributes":[]},{"type":"points","occluded":false,"outside":false,"z_order":0,"rotation":0.0,"points":[700.8863290944773,188.17343846947733],"frame":14,"attributes":[]},{"type":"points","occluded":false,"outside":false,"z_order":0,"rotation":0.0,"points":[694.3238290944773,187.57675878197733],"frame":15,"attributes":[]},{"type":"points","occluded":false,"outside":false,"z_order":0,"rotation":0.0,"points":[680.0054697194773,192.34824315697733],"frame":16,"attributes":[]},{"type":"points","occluded":false,"outside":false,"z_order":0,"rotation":0.0,"points":[670.4595712819773,197.12070409447733],"frame":17,"attributes":[]},{"type":"points","occluded":false,"outside":false,"z_order":0,"rotation":0.0,"points":[664.4927744069773,203.68320409447733],"frame":18,"attributes":[]},{"type":"points","occluded":false,"outside":false,"z_order":0,"rotation":0.0,"points":[661.5093759694773,211.43906346947733],"frame":19,"attributes":[]},{"type":"points","occluded":false,"outside":false,"z_order":0,"rotation":0.0,"points":[665.6861337819773,215.01914159447733],"frame":20,"attributes":[]},{"type":"points","occluded":false,"outside":false,"z_order":0,"rotation":0.0,"points":[666.8785165944773,217.40586034447733],"frame":21,"attributes":[]},{"type":"points","occluded":false,"outside":false,"z_order":0,"rotation":0.0,"points":[671.0542978444773,220.98593846947733],"frame":22,"attributes":[]},{"type":"points","occluded":false,"outside":false,"z_order":0,"rotation":0.0,"points":[682.9869150319773,213.82675878197733],"frame":23,"attributes":[]},{"type":"points","occluded":false,"outside":false,"z_order":0,"rotation":0.0,"points":[687.7593759694773,211.44004003197733],"frame":24,"attributes":[]},{"type":"points","occluded":false,"outside":false,"z_order":0,"rotation":0.0,"points":[685.9703134694773,209.05332128197733],"frame":25,"attributes":[]},{"type":"points","occluded":false,"outside":false,"z_order":0,"rotation":0.0,"points":[677.6187509694773,207.85898534447733],"frame":26,"attributes":[]},{"type":"points","occluded":false,"outside":false,"z_order":0,"rotation":0.0,"points":[673.4429697194773,206.66562596947733],"frame":27,"attributes":[]},{"type":"points","occluded":false,"outside":false,"z_order":0,"rotation":0.0,"points":[677.0230478444773,206.06894628197733],"frame":28,"attributes":[]},{"type":"points","occluded":false,"outside":false,"z_order":0,"rotation":0.0,"points":[678.8130869069773,215.01718846947733],"frame":29,"attributes":[]},{"type":"points","occluded":false,"outside":false,"z_order":0,"rotation":0.0,"points":[677.6197275319773,213.82382909447733],"frame":30,"attributes":[]},{"type":"points","occluded":false,"outside":false,"z_order":0,"rotation":0.0,"points":[677.0220712819773,217.40293065697733],"frame":32,"attributes":[]},{"type":"points","occluded":false,"outside":false,"z_order":0,"rotation":0.0,"points":[680.0044931569773,216.80625096947733],"frame":35,"attributes":[]},{"type":"points","occluded":false,"outside":false,"z_order":0,"rotation":0.0,"points":[679.1089853444773,217.40293065697733],"frame":37,"attributes":[]},{"type":"points","occluded":false,"outside":false,"z_order":0,"rotation":0.0,"points":[678.6606453391487,215.5131844016487],"frame":38,"attributes":[]},{"type":"points","occluded":false,"outside":false,"z_order":0,"rotation":0.0,"points":[678.2134775319773,233.51035253197733],"frame":39,"attributes":[]},{"type":"points","occluded":false,"outside":false,"z_order":0,"rotation":0.0,"points":[679.5934657303114,232.12862198031144],"frame":42,"attributes":[]},{"type":"points","occluded":false,"outside":false,"z_order":0,"rotation":0.0,"points":[680.3745125266487,232.2094734641487],"frame":44,"attributes":[]},{"type":"points","occluded":false,"outside":false,"z_order":0,"rotation":0.0,"points":[669.5807704178114,216.59053604281144],"frame":45,"attributes":[]},{"type":"points","occluded":false,"outside":false,"z_order":0,"rotation":0.0,"points":[659.9128016678114,205.88741104281144],"frame":46,"attributes":[]},{"type":"points","occluded":false,"outside":false,"z_order":0,"rotation":0.0,"points":[646.1012782303114,195.52998916781144],"frame":47,"attributes":[]},{"type":"points","occluded":false,"outside":false,"z_order":0,"rotation":0.0,"points":[642.9938563553114,184.13545791781144],"frame":48,"attributes":[]},{"type":"points","occluded":false,"outside":false,"z_order":0,"rotation":0.0,"points":[645.0651454178114,172.74092666781144],"frame":49,"attributes":[]}],"attributes":[],"label":"3"},{"frame":0,"group":0,"source":"manual","shapes":[{"type":"points","occluded":false,"outside":false,"z_order":0,"rotation":0.0,"points":[678.3379107603087,265.69826232280866],"frame":0,"attributes":[]},{"type":"points","occluded":false,"outside":false,"z_order":0,"rotation":0.0,"points":[680.8115435728087,181.57619201030866],"frame":1,"attributes":[]},{"type":"points","occluded":false,"outside":false,"z_order":0,"rotation":0.0,"points":[680.8115435728087,252.09181701030866],"frame":2,"attributes":[]},{"type":"points","occluded":false,"outside":false,"z_order":0,"rotation":0.0,"points":[682.899658876373,243.858643251373],"frame":3,"attributes":[]},{"type":"points","occluded":false,"outside":false,"z_order":0,"rotation":0.0,"points":[633.791260438873,131.682862001373],"frame":4,"attributes":[]},{"type":"points","occluded":false,"outside":false,"z_order":0,"rotation":0.0,"points":[642.905518251373,115.939697938873],"frame":5,"attributes":[]},{"type":"points","occluded":false,"outside":false,"z_order":0,"rotation":0.0,"points":[700.1792978444773,168.44004003197733],"frame":6,"attributes":[]},{"type":"points","occluded":false,"outside":false,"z_order":0,"rotation":0.0,"points":[699.981690126373,168.638916688873],"frame":7,"attributes":[]},{"type":"points","occluded":false,"outside":false,"z_order":0,"rotation":0.0,"points":[664.9800790944773,218.55332128197733],"frame":8,"attributes":[]},{"type":"points","occluded":false,"outside":false,"z_order":0,"rotation":0.0,"points":[669.1558603444773,223.32578221947733],"frame":9,"attributes":[]},{"type":"points","occluded":false,"outside":false,"z_order":0,"rotation":0.0,"points":[676.3150400319773,226.30820409447733],"frame":10,"attributes":[]},{"type":"points","occluded":false,"outside":false,"z_order":0,"rotation":0.0,"points":[679.2964853444773,230.48496190697733],"frame":11,"attributes":[]},{"type":"points","occluded":false,"outside":false,"z_order":0,"rotation":0.0,"points":[682.5766609641487,226.2084969016487],"frame":13,"attributes":[]},{"type":"points","occluded":false,"outside":false,"z_order":0,"rotation":0.0,"points":[674.5230478444773,229.29257909447733],"frame":14,"attributes":[]},{"type":"points","occluded":false,"outside":false,"z_order":0,"rotation":0.0,"points":[667.9605478444773,234.06504003197733],"frame":16,"attributes":[]},{"type":"points","occluded":false,"outside":false,"z_order":0,"rotation":0.0,"points":[670.3472665944773,245.99668065697733],"frame":17,"attributes":[]},{"type":"points","occluded":false,"outside":false,"z_order":0,"rotation":0.0,"points":[674.5230478444773,252.55918065697733],"frame":18,"attributes":[]},{"type":"points","occluded":false,"outside":false,"z_order":0,"rotation":0.0,"points":[678.1031259694773,254.34921971947733],"frame":19,"attributes":[]},{"type":"points","occluded":false,"outside":false,"z_order":0,"rotation":0.0,"points":[684.0679697194773,265.08847753197733],"frame":20,"attributes":[]},{"type":"points","occluded":false,"outside":false,"z_order":0,"rotation":0.0,"points":[687.6480478444773,272.24668065697733],"frame":21,"attributes":[]},{"type":"points","occluded":false,"outside":false,"z_order":0,"rotation":0.0,"points":[691.8238290944773,266.87754003197733],"frame":23,"attributes":[]},{"type":"points","occluded":false,"outside":false,"z_order":0,"rotation":0.0,"points":[695.4029306569773,267.47324315697733],"frame":24,"attributes":[]},{"type":"points","occluded":false,"outside":false,"z_order":0,"rotation":0.0,"points":[685.8570322194773,259.71738378197733],"frame":25,"attributes":[]},{"type":"points","occluded":false,"outside":false,"z_order":0,"rotation":0.0,"points":[678.1011728444773,254.34726659447733],"frame":26,"attributes":[]},{"type":"points","occluded":false,"outside":false,"z_order":0,"rotation":0.0,"points":[675.1177744069773,253.15390721947733],"frame":27,"attributes":[]},{"type":"points","occluded":false,"outside":false,"z_order":0,"rotation":0.0,"points":[676.3111337819773,254.34629003197733],"frame":28,"attributes":[]},{"type":"points","occluded":false,"outside":false,"z_order":0,"rotation":0.0,"points":[677.5035165944773,259.11777440697733],"frame":29,"attributes":[]},{"type":"points","occluded":false,"outside":false,"z_order":0,"rotation":0.0,"points":[675.1167978444773,265.08359471947733],"frame":30,"attributes":[]},{"type":"points","occluded":false,"outside":false,"z_order":0,"rotation":0.0,"points":[675.7134775319773,268.66367284447733],"frame":31,"attributes":[]},{"type":"points","occluded":false,"outside":false,"z_order":0,"rotation":0.0,"points":[676.9058603444773,268.06699315697733],"frame":32,"attributes":[]},{"type":"points","occluded":false,"outside":false,"z_order":0,"rotation":0.0,"points":[678.6958994069773,265.68027440697733],"frame":35,"attributes":[]},{"type":"points","occluded":false,"outside":false,"z_order":0,"rotation":0.0,"points":[680.1860359641487,262.5961922141487],"frame":38,"attributes":[]},{"type":"points","occluded":false,"outside":false,"z_order":0,"rotation":0.0,"points":[678.6949228444773,260.90683690697733],"frame":39,"attributes":[]},{"type":"points","occluded":false,"outside":false,"z_order":0,"rotation":0.0,"points":[679.7301844803114,261.59737198031144],"frame":40,"attributes":[]},{"type":"points","occluded":false,"outside":false,"z_order":0,"rotation":0.0,"points":[680.1167000266487,259.7729500266487],"frame":44,"attributes":[]},{"type":"points","occluded":false,"outside":false,"z_order":0,"rotation":0.0,"points":[684.5641688553114,245.02412979281144],"frame":45,"attributes":[]},{"type":"points","occluded":false,"outside":false,"z_order":0,"rotation":0.0,"points":[681.1120204178114,238.80928604281144],"frame":46,"attributes":[]},{"type":"points","occluded":false,"outside":false,"z_order":0,"rotation":0.0,"points":[679.3854579178114,224.30830948031144],"frame":47,"attributes":[]},{"type":"points","occluded":false,"outside":false,"z_order":0,"rotation":0.0,"points":[682.1471766678114,211.18916885531144],"frame":48,"attributes":[]},{"type":"points","occluded":false,"outside":false,"z_order":0,"rotation":0.0,"points":[693.1940516678114,202.21260635531144],"frame":49,"attributes":[]}],"attributes":[],"label":"4"},{"frame":0,"group":0,"source":"manual","shapes":[{"type":"points","occluded":false,"outside":false,"z_order":0,"rotation":0.0,"points":[744.7324420103087,154.63869201030866],"frame":0,"attributes":[]},{"type":"points","occluded":false,"outside":false,"z_order":0,"rotation":0.0,"points":[732.768799501373,91.972901063873],"frame":1,"attributes":[]},{"type":"points","occluded":false,"outside":false,"z_order":0,"rotation":0.0,"points":[748.4433795103087,143.50587951030866],"frame":2,"attributes":[]},{"type":"points","occluded":false,"outside":false,"z_order":0,"rotation":0.0,"points":[726.992432313873,133.293213563873],"frame":3,"attributes":[]},{"type":"points","occluded":false,"outside":false,"z_order":0,"rotation":0.0,"points":[694.0605368073448,20.93065399484476],"frame":4,"attributes":[]},{"type":"points","occluded":false,"outside":false,"z_order":0,"rotation":0.0,"points":[709.6714853444773,6.4136728444773325],"frame":5,"attributes":[]},{"type":"points","occluded":false,"outside":false,"z_order":0,"rotation":0.0,"points":[756.2046884694773,55.93125096947733],"frame":6,"attributes":[]},{"type":"points","occluded":false,"outside":false,"z_order":0,"rotation":0.0,"points":[756.2046884694773,57.12461034447733],"frame":7,"attributes":[]},{"type":"points","occluded":false,"outside":false,"z_order":0,"rotation":0.0,"points":[751.7944344016487,73.49462971414869],"frame":8,"attributes":[]},{"type":"points","occluded":false,"outside":false,"z_order":0,"rotation":0.0,"points":[761.5718759694773,83.37363378197733],"frame":9,"attributes":[]},{"type":"points","occluded":false,"outside":false,"z_order":0,"rotation":0.0,"points":[767.5376962819773,77.40586034447733],"frame":10,"attributes":[]},{"type":"points","occluded":false,"outside":false,"z_order":0,"rotation":0.0,"points":[768.7300790944773,73.82578221947733],"frame":11,"attributes":[]},{"type":"points","occluded":false,"outside":false,"z_order":0,"rotation":0.0,"points":[767.7358406516487,72.23486408914869],"frame":12,"attributes":[]},{"type":"points","occluded":false,"outside":false,"z_order":0,"rotation":0.0,"points":[768.7299812766487,73.12939533914869],"frame":13,"attributes":[]},{"type":"points","occluded":false,"outside":false,"z_order":0,"rotation":0.0,"points":[756.7984384694773,69.05332128197733],"frame":14,"attributes":[]},{"type":"points","occluded":false,"outside":false,"z_order":0,"rotation":0.0,"points":[756.2017587819773,69.05234471947733],"frame":15,"attributes":[]},{"type":"points","occluded":false,"outside":false,"z_order":0,"rotation":0.0,"points":[744.8658212819773,66.06894628197733],"frame":16,"attributes":[]},{"type":"points","occluded":false,"outside":false,"z_order":0,"rotation":0.0,"points":[744.8648447194773,69.05136815697733],"frame":17,"attributes":[]},{"type":"points","occluded":false,"outside":false,"z_order":0,"rotation":0.0,"points":[742.4781259694773,72.63144628197733],"frame":18,"attributes":[]},{"type":"points","occluded":false,"outside":false,"z_order":0,"rotation":0.0,"points":[745.4615244069773,72.03281346947733],"frame":19,"attributes":[]},{"type":"points","occluded":false,"outside":false,"z_order":0,"rotation":0.0,"points":[753.8140634694773,77.40097753197733],"frame":20,"attributes":[]},{"type":"points","occluded":false,"outside":false,"z_order":0,"rotation":0.0,"points":[753.2173837819773,82.17343846947733],"frame":21,"attributes":[]},{"type":"points","occluded":false,"outside":false,"z_order":0,"rotation":0.0,"points":[756.1988290944773,80.38339940697733],"frame":22,"attributes":[]},{"type":"points","occluded":false,"outside":false,"z_order":0,"rotation":0.0,"points":[766.3414072194773,78.59336034447733],"frame":23,"attributes":[]},{"type":"points","occluded":false,"outside":false,"z_order":0,"rotation":0.0,"points":[766.3414072194773,79.78671971947733],"frame":24,"attributes":[]},{"type":"points","occluded":false,"outside":false,"z_order":0,"rotation":0.0,"points":[759.1822275319773,76.80332128197733],"frame":25,"attributes":[]},{"type":"points","occluded":false,"outside":false,"z_order":0,"rotation":0.0,"points":[757.9878915944773,73.22324315697733],"frame":26,"attributes":[]},{"type":"points","occluded":false,"outside":false,"z_order":0,"rotation":0.0,"points":[752.0220712819773,74.41660253197733],"frame":27,"attributes":[]},{"type":"points","occluded":false,"outside":false,"z_order":0,"rotation":0.0,"points":[749.6343759694773,76.80136815697733],"frame":28,"attributes":[]},{"type":"points","occluded":false,"outside":false,"z_order":0,"rotation":0.0,"points":[756.7935556569773,80.97812596947733],"frame":29,"attributes":[]},{"type":"points","occluded":false,"outside":false,"z_order":0,"rotation":0.0,"points":[754.4068369069773,83.36386815697733],"frame":30,"attributes":[]},{"type":"points","occluded":false,"outside":false,"z_order":0,"rotation":0.0,"points":[751.4234384694773,86.94394628197733],"frame":31,"attributes":[]},{"type":"points","occluded":false,"outside":false,"z_order":0,"rotation":0.0,"points":[754.4058603444773,83.95957128197733],"frame":32,"attributes":[]},{"type":"points","occluded":false,"outside":false,"z_order":0,"rotation":0.0,"points":[755.5992197194773,83.36191503197733],"frame":33,"attributes":[]},{"type":"points","occluded":false,"outside":false,"z_order":0,"rotation":0.0,"points":[757.9859384694773,82.16757909447733],"frame":35,"attributes":[]},{"type":"points","occluded":false,"outside":false,"z_order":0,"rotation":0.0,"points":[758.3823250266487,82.46533283914869],"frame":37,"attributes":[]},{"type":"points","occluded":false,"outside":false,"z_order":0,"rotation":0.0,"points":[755.5992197194773,83.35996190697733],"frame":38,"attributes":[]},{"type":"points","occluded":false,"outside":false,"z_order":0,"rotation":0.0,"points":[730.5416025319773,130.49082128197733],"frame":39,"attributes":[]},{"type":"points","occluded":false,"outside":false,"z_order":0,"rotation":0.0,"points":[731.5639656516487,120.20947346414869],"frame":44,"attributes":[]},{"type":"points","occluded":false,"outside":false,"z_order":0,"rotation":0.0,"points":[726.3991297928114,118.75069229281144],"frame":45,"attributes":[]},{"type":"points","occluded":false,"outside":false,"z_order":0,"rotation":0.0,"points":[714.6598719803114,111.15498916781144],"frame":46,"attributes":[]},{"type":"points","occluded":false,"outside":false,"z_order":0,"rotation":0.0,"points":[706.7184657303114,96.65401260531144],"frame":47,"attributes":[]},{"type":"points","occluded":false,"outside":false,"z_order":0,"rotation":0.0,"points":[698.7770594803114,86.64131729281144],"frame":48,"attributes":[]},{"type":"points","occluded":false,"outside":false,"z_order":0,"rotation":0.0,"points":[707.4079188553114,67.30635635531144],"frame":49,"attributes":[]}],"attributes":[],"label":"5"}],"label":"pyramid"}]}]