[{"version":0,"tags":[],"shapes":[{"type":"skeleton","occluded":false,"outside":false,"z_order":0,"rotation":0.0,"points":[],"frame":0,"group":0,"source":"manual","attributes":[],"elements":[{"type":"points","occluded":false,"outside":false,"z_order":0,"rotation":0.0,"points":[696.447265625,154.77458006607594],"frame":0,"group":0,"source":"manual","attributes":[],"label":"1"},{"type":"points","occluded":false,"outside":false,"z_order":0,"rotation":0.0,"points":[782.462890625,160.46948601278746],"frame":0,"group":0,"source":"manual","attributes":[],"label":"2"},{"type":"points","occluded":false,"outside":false,"z_order":0,"rotation":0.0,"points":[774.79296875,118.31219800670078],"frame":0,"group":0,"source":"manual","attributes":[],"label":"3"},{"type":"points","occluded":false,"outside":false,"z_order":0,"rotation":0.0,"points":[698.7294921875,114.1492089443891],"frame":0,"group":0,"source":"manual","attributes":[],"label":"4"},{"type":"points","occluded":false,"outside":false,"z_order":0,"rotation":0.0,"points":[747.2119117351285,18.442380485128524],"frame":0,"group":0,"source":"manual","attributes":[],"label":"5"}],"label":"pyramid"},{"type":"skeleton","occluded":false,"outside":false,"z_order":0,"rotation":0.0,"points":[],"frame":1,"group":0,"source":"manual","attributes":[],"elements":[{"type":"points","occluded":false,"outside":false,"z_order":0,"rotation":0.0,"points":[742.6423901760008,25.727351113500845],"frame":1,"group":0,"source":"manual","attributes":[],"label":"5"},{"type":"points","occluded":false,"outside":false,"z_order":0,"rotation":0.0,"points":[693.6453198635008,128.14239017600084],"frame":1,"group":0,"source":"manual","attributes":[],"label":"4"},{"type":"points","occluded":false,"outside":false,"z_order":0,"rotation":0.0,"points":[690.5800975000002,168.0205271875002],"frame":1,"group":0,"source":"manual","attributes":[],"label":"1"},{"type":"points","occluded":false,"outside":false,"z_order":0,"rotation":0.0,"points":[777.6269725000002,172.9707225000002],"frame":1,"group":0,"source":"manual","attributes":[],"label":"2"},{"type":"points","occluded":false,"outside":false,"z_order":0,"rotation":0.0,"points":[771.2556714260008,133.33672611350084],"frame":1,"group":0,"source":"manual","attributes":[],"label":"3"}],"label":"pyramid"},{"type":"skeleton","occluded":false,"outside":false,"z_order":0,"rotation":0.0,"points":[],"frame":2,"group":0,"source":"manual","attributes":[],"elements":[{"type":"points","occluded":false,"outside":false,"z_order":0,"rotation":0.0,"points":[744.2332104885008,30.715632363500845],"frame":2,"group":0,"source":"manual","attributes":[],"label":"5"},{"type":"points","occluded":false,"outside":false,"z_order":0,"rotation":0.0,"points":[778.4529370510008,184.61016361350084],"frame":2,"group":0,"source":"manual","attributes":[],"label":"2"},{"type":"points","occluded":false,"outside":false,"z_order":0,"rotation":0.0,"points":[773.3630933010008,139.35625736350084],"frame":2,"group":0,"source":"manual","attributes":[],"label":"3"},{"type":"points","occluded":false,"outside":false,"z_order":0,"rotation":0.0,"points":[686.6753794625001,175.10213727500013],"frame":2,"group":0,"source":"manual","attributes":[],"label":"1"},{"type":"points","occluded":false,"outside":false,"z_order":0,"rotation":0.0,"points":[693.6451060250001,134.16170758750013],"frame":2,"group":0,"source":"manual","attributes":[],"label":"4"}],"label":"pyramid"},{"type":"skeleton","occluded":false,"outside":false,"z_order":0,"rotation":0.0,"points":[],"frame":3,"group":0,"source":"manual","attributes":[],"elements":[{"type":"points","occluded":false,"outside":false,"z_order":0,"rotation":0.0,"points":[762.7159853986996,92.10856352369956],"frame":3,"group":0,"source":"manual","attributes":[],"label":"4"},{"type":"points","occluded":false,"outside":false,"z_order":0,"rotation":0.0,"points":[833.9298525861996,107.82926664869956],"frame":3,"group":0,"source":"manual","attributes":[],"label":"3"},{"type":"points","occluded":false,"outside":false,"z_order":0,"rotation":0.0,"points":[795.6778994611996,143.79508696119956],"frame":3,"group":0,"source":"manual","attributes":[],"label":"2"},{"type":"points","occluded":false,"outside":false,"z_order":0,"rotation":0.0,"points":[718.4347353986996,125.09782133619956],"frame":3,"group":0,"source":"manual","attributes":[],"label":"1"},{"type":"points","occluded":false,"outside":false,"z_order":0,"rotation":0.0,"points":[781.2716494611996,-3.2888974138004414],"frame":3,"group":0,"source":"manual","attributes":[],"label":"5"}],"label":"pyramid"},{"type":"skeleton","occluded":false,"outside":false,"z_order":0,"rotation":0.0,"points":[],"frame":4,"group":0,"source":"manual","attributes":[],"elements":[{"type":"points","occluded":false,"outside":false,"z_order":0,"rotation":0.0,"points":[717.6263643946531,131.21523158215314],"frame":4,"group":0,"source":"manual","attributes":[],"label":"1"},{"type":"points","occluded":false,"outside":false,"z_order":0,"rotation":0.0,"points":[796.8998018946531,149.91249720715314],"frame":4,"group":0,"source":"manual","attributes":[],"label":"2"},{"type":"points","occluded":false,"outside":false,"z_order":0,"rotation":0.0,"points":[831.9033203125,114.7578125],"frame":4,"group":0,"source":"manual","attributes":[],"label":"3"},{"type":"points","occluded":false,"outside":false,"z_order":0,"rotation":0.0,"points":[760.689453125,99.037109375],"frame":4,"group":0,"source":"manual","attributes":[],"label":"4"},{"type":"points","occluded":false,"outside":false,"z_order":0,"rotation":0.0,"points":[779.2451171875,3.6396484375],"frame":4,"group":0,"source":"manual","attributes":[],"label":"5"}],"label":"pyramid"},{"type":"skeleton","occluded":false,"outside":false,"z_order":0,"rotation":0.0,"points":[],"frame":5,"group":0,"source":"manual","attributes":[],"elements":[{"type":"points","occluded":false,"outside":false,"z_order":0,"rotation":0.0,"points":[740.3025404589225,32.56474749017434],"frame":5,"group":0,"source":"manual","attributes":[],"label":"5"},{"type":"points","occluded":false,"outside":false,"z_order":0,"rotation":0.0,"points":[772.9893325860849,145.14460602358486],"frame":5,"group":0,"source":"manual","attributes":[],"label":"3"},{"type":"points","occluded":false,"outside":false,"z_order":0,"rotation":0.0,"points":[778.4160903985849,191.99030914858486],"frame":5,"group":0,"source":"manual","attributes":[],"label":"2"},{"type":"points","occluded":false,"outside":false,"z_order":0,"rotation":0.0,"points":[684.0420669610849,184.00984039858486],"frame":5,"group":0,"source":"manual","attributes":[],"label":"1"},{"type":"points","occluded":false,"outside":false,"z_order":0,"rotation":0.0,"points":[690.5713638360849,141.11530914858486],"frame":5,"group":0,"source":"manual","attributes":[],"label":"4"}],"label":"pyramid"},{"type":"skeleton","occluded":false,"outside":false,"z_order":0,"rotation":0.0,"points":[],"frame":6,"group":0,"source":"manual","attributes":[],"elements":[{"type":"points","occluded":false,"outside":false,"z_order":0,"rotation":0.0,"points":[692.3930725424998,140.9809631674998],"frame":6,"group":0,"source":"manual","attributes":[],"label":"4"},{"type":"points","occluded":false,"outside":false,"z_order":0,"rotation":0.0,"points":[684.5752700860849,183.93366852358486],"frame":6,"group":0,"source":"manual","attributes":[],"label":"1"},{"type":"points","occluded":false,"outside":false,"z_order":0,"rotation":0.0,"points":[780.89794921875,192.40028082920435],"frame":6,"group":0,"source":"manual","attributes":[],"label":"2"},{"type":"points","occluded":false,"outside":false,"z_order":0,"rotation":0.0,"points":[773.2641662924998,147.9897522299998],"frame":6,"group":0,"source":"manual","attributes":[],"label":"3"},{"type":"points","occluded":false,"outside":false,"z_order":0,"rotation":0.0,"points":[742.7843992790877,32.97471917079383],"frame":6,"group":0,"source":"manual","attributes":[],"label":"5"}],"label":"pyramid"},{"type":"skeleton","occluded":false,"outside":false,"z_order":0,"rotation":0.0,"points":[],"frame":7,"group":0,"source":"manual","attributes":[],"elements":[{"type":"points","occluded":false,"outside":false,"z_order":0,"rotation":0.0,"points":[709.5330151760008,146.23321048850084],"frame":7,"group":0,"source":"manual","attributes":[],"label":"1"},{"type":"points","occluded":false,"outside":false,"z_order":0,"rotation":0.0,"points":[791.9236401760008,160.89141361350084],"frame":7,"group":0,"source":"manual","attributes":[],"label":"2"},{"type":"points","occluded":false,"outside":false,"z_order":0,"rotation":0.0,"points":[816.9695386135008,124.73711673850084],"frame":7,"group":0,"source":"manual","attributes":[],"label":"3"},{"type":"points","occluded":false,"outside":false,"z_order":0,"rotation":0.0,"points":[766.1942740016693,14.365344170793833],"frame":7,"group":0,"source":"manual","attributes":[],"label":"5"},{"type":"points","occluded":false,"outside":false,"z_order":0,"rotation":0.0,"points":[744.0386607125001,113.84530133750013],"frame":7,"group":0,"source":"manual","attributes":[],"label":"4"}],"label":"pyramid"},{"type":"skeleton","occluded":false,"outside":false,"z_order":0,"rotation":0.0,"points":[],"frame":8,"group":0,"source":"manual","attributes":[],"elements":[{"type":"points","occluded":false,"outside":false,"z_order":0,"rotation":0.0,"points":[694.4724841874995,148.1023669999995],"frame":8,"group":0,"source":"manual","attributes":[],"label":"4"},{"type":"points","occluded":false,"outside":false,"z_order":0,"rotation":0.0,"points":[744.4429971069185,33.9527855911474],"frame":8,"group":0,"source":"manual","attributes":[],"label":"5"},{"type":"points","occluded":false,"outside":false,"z_order":0,"rotation":0.0,"points":[686.7507886135008,189.55547611350084],"frame":8,"group":0,"source":"manual","attributes":[],"label":"1"},{"type":"points","occluded":false,"outside":false,"z_order":0,"rotation":0.0,"points":[777.1589917385008,155.15899173850084],"frame":8,"group":0,"source":"manual","attributes":[],"label":"3"},{"type":"points","occluded":false,"outside":false,"z_order":0,"rotation":0.0,"points":[782.3943591874995,196.4744373124995],"frame":8,"group":0,"source":"manual","attributes":[],"label":"2"}],"label":"pyramid"},{"type":"skeleton","occluded":false,"outside":false,"z_order":0,"rotation":0.0,"points":[],"frame":9,"group":0,"source":"manual","attributes":[],"elements":[{"type":"points","occluded":false,"outside":false,"z_order":0,"rotation":0.0,"points":[699.0144604885008,160.81524173850084],"frame":9,"group":0,"source":"manual","attributes":[],"label":"1"},{"type":"points","occluded":false,"outside":false,"z_order":0,"rotation":0.0,"points":[782.4373120510008,173.40996830100084],"frame":9,"group":0,"source":"manual","attributes":[],"label":"2"},{"type":"points","occluded":false,"outside":false,"z_order":0,"rotation":0.0,"points":[801.2107654374995,136.3845935624995],"frame":9,"group":0,"source":"manual","attributes":[],"label":"3"},{"type":"points","occluded":false,"outside":false,"z_order":0,"rotation":0.0,"points":[756.7068569309176,28.43156489507237],"frame":9,"group":0,"source":"manual","attributes":[],"label":"5"},{"type":"points","occluded":false,"outside":false,"z_order":0,"rotation":0.0,"points":[727.2390857499995,126.2068591874995],"frame":9,"group":0,"source":"manual","attributes":[],"label":"4"}],"label":"pyramid"},{"type":"skeleton","occluded":false,"outside":false,"z_order":0,"rotation":0.0,"points":[],"frame":10,"group":0,"source":"manual","attributes":[],"elements":[{"type":"points","occluded":false,"outside":false,"z_order":0,"rotation":0.0,"points":[697.0595896875002,161.8603709375002],"frame":10,"group":0,"source":"manual","attributes":[],"label":"1"},{"type":"points","occluded":false,"outside":false,"z_order":0,"rotation":0.0,"points":[781.9755859375,174.45502201546515],"frame":10,"group":0,"source":"manual","attributes":[],"label":"2"},{"type":"points","occluded":false,"outside":false,"z_order":0,"rotation":0.0,"points":[799.8533435624995,137.7283435624995],"frame":10,"group":0,"source":"manual","attributes":[],"label":"3"},{"type":"points","occluded":false,"outside":false,"z_order":0,"rotation":0.0,"points":[726.1795154374995,127.8484607499995],"frame":10,"group":0,"source":"manual","attributes":[],"label":"4"},{"type":"points","occluded":false,"outside":false,"z_order":0,"rotation":0.0,"points":[756.2451308174168,29.476618609536672],"frame":10,"group":0,"source":"manual","attributes":[],"label":"5"}],"label":"pyramid"},{"type":"skeleton","occluded":false,"outside":false,"z_order":0,"rotation":0.0,"points":[],"frame":11,"group":0,"source":"manual","attributes":[],"elements":[{"type":"points","occluded":false,"outside":false,"z_order":0,"rotation":0.0,"points":[773.4614319174998,189.0063537924998],"frame":11,"group":0,"source":"manual","attributes":[],"label":"2"},{"type":"points","occluded":false,"outside":false,"z_order":0,"rotation":0.0,"points":[748.1625919111666,41.87896235953667],"frame":11,"group":0,"source":"manual","attributes":[],"label":"5"},{"type":"points","occluded":false,"outside":false,"z_order":0,"rotation":0.0,"points":[711.4438537924998,137.5024475424998],"frame":11,"group":0,"source":"manual","attributes":[],"label":"4"},{"type":"points","occluded":false,"outside":false,"z_order":0,"rotation":0.0,"points":[786.3833069174998,148.8403381674998],"frame":11,"group":0,"source":"manual","attributes":[],"label":"3"},{"type":"points","occluded":false,"outside":false,"z_order":0,"rotation":0.0,"points":[688.5463928549998,175.1215881674998],"frame":11,"group":0,"source":"manual","attributes":[],"label":"1"}],"label":"pyramid"},{"type":"skeleton","occluded":false,"outside":false,"z_order":0,"rotation":0.0,"points":[],"frame":12,"group":0,"source":"manual","attributes":[],"elements":[{"type":"points","occluded":false,"outside":false,"z_order":0,"rotation":0.0,"points":[749.5278201499168,37.16579647101753],"frame":12,"group":0,"source":"manual","attributes":[],"label":"5"},{"type":"points","occluded":false,"outside":false,"z_order":0,"rotation":0.0,"points":[781.8706919625001,150.79159040000013],"frame":12,"group":0,"source":"manual","attributes":[],"label":"3"},{"type":"points","occluded":false,"outside":false,"z_order":0,"rotation":0.0,"points":[698.9781138375001,144.18221540000013],"frame":12,"group":0,"source":"manual","attributes":[],"label":"4"},{"type":"points","occluded":false,"outside":false,"z_order":0,"rotation":0.0,"points":[688.7652232125001,195.91854352500013],"frame":12,"group":0,"source":"manual","attributes":[],"label":"1"},{"type":"points","occluded":false,"outside":false,"z_order":0,"rotation":0.0,"points":[786.4350647299998,204.5014709799998],"frame":12,"group":0,"source":"manual","attributes":[],"label":"2"}],"label":"pyramid"},{"type":"skeleton","occluded":false,"outside":false,"z_order":0,"rotation":0.0,"points":[],"frame":13,"group":0,"source":"manual","attributes":[],"elements":[{"type":"points","occluded":false,"outside":false,"z_order":0,"rotation":0.0,"points":[680.1523631250002,189.6513865625002],"frame":13,"group":0,"source":"manual","attributes":[],"label":"1"},{"type":"points","occluded":false,"outside":false,"z_order":0,"rotation":0.0,"points":[766.8086131250002,200.3017771875002],"frame":13,"group":0,"source":"manual","attributes":[],"label":"2"},{"type":"points","occluded":false,"outside":false,"z_order":0,"rotation":0.0,"points":[774.2558787500002,155.9052928125002],"frame":13,"group":0,"source":"manual","attributes":[],"label":"3"},{"type":"points","occluded":false,"outside":false,"z_order":0,"rotation":0.0,"points":[698.8183787500002,148.0517771875002],"frame":13,"group":0,"source":"manual","attributes":[],"label":"4"},{"type":"points","occluded":false,"outside":false,"z_order":0,"rotation":0.0,"points":[740.2651248374168,52.92458553351753],"frame":13,"group":0,"source":"manual","attributes":[],"label":"5"}],"label":"pyramid"},{"type":"skeleton","occluded":false,"outside":false,"z_order":0,"rotation":0.0,"points":[],"frame":14,"group":0,"source":"manual","attributes":[],"elements":[{"type":"points","occluded":false,"outside":false,"z_order":0,"rotation":0.0,"points":[735.9535820249166,59.26062292300776],"frame":14,"group":0,"source":"manual","attributes":[],"label":"5"},{"type":"points","occluded":false,"outside":false,"z_order":0,"rotation":0.0,"points":[677.9137531249999,195.98699531249986],"frame":14,"group":0,"source":"manual","attributes":[],"label":"1"},{"type":"points","occluded":false,"outside":false,"z_order":0,"rotation":0.0,"points":[764.9850421874999,206.63738593749986],"frame":14,"group":0,"source":"manual","attributes":[],"label":"2"},{"type":"points","occluded":false,"outside":false,"z_order":0,"rotation":0.0,"points":[769.9440265624999,160.99676093749986],"frame":14,"group":0,"source":"manual","attributes":[],"label":"3"},{"type":"points","occluded":false,"outside":false,"z_order":0,"rotation":0.0,"points":[696.3727374999999,154.80242499999986],"frame":14,"group":0,"source":"manual","attributes":[],"label":"4"}],"label":"pyramid"},{"type":"skeleton","occluded":false,"outside":false,"z_order":0,"rotation":0.0,"points":[],"frame":15,"group":0,"source":"manual","attributes":[],"elements":[{"type":"points","occluded":false,"outside":false,"z_order":0,"rotation":0.0,"points":[691.4770569174998,198.5991272299998],"frame":15,"group":0,"source":"manual","attributes":[],"label":"1"},{"type":"points","occluded":false,"outside":false,"z_order":0,"rotation":0.0,"points":[791.0161194174998,206.6694397299998],"frame":15,"group":0,"source":"manual","attributes":[],"label":"2"},{"type":"points","occluded":false,"outside":false,"z_order":0,"rotation":0.0,"points":[786.9478404000001,154.72225446250013],"frame":15,"group":0,"source":"manual","attributes":[],"label":"3"},{"type":"points","occluded":false,"outside":false,"z_order":0,"rotation":0.0,"points":[700.2603404000001,150.03280133750013],"frame":15,"group":0,"source":"manual","attributes":[],"label":"4"},{"type":"points","occluded":false,"outside":false,"z_order":0,"rotation":0.0,"points":[750.8069187436668,37.79404036775304],"frame":15,"group":0,"source":"manual","attributes":[],"label":"5"}],"label":"pyramid"},{"type":"skeleton","occluded":false,"outside":false,"z_order":0,"rotation":0.0,"points":[],"frame":16,"group":0,"source":"manual","attributes":[],"elements":[{"type":"points","occluded":false,"outside":false,"z_order":0,"rotation":0.0,"points":[728.146756357417,69.56913625637753],"frame":16,"group":0,"source":"manual","attributes":[],"label":"5"},{"type":"points","occluded":false,"outside":false,"z_order":0,"rotation":0.0,"points":[677.4654185250001,210.10994977500013],"frame":16,"group":0,"source":"manual","attributes":[],"label":"1"},{"type":"points","occluded":false,"outside":false,"z_order":0,"rotation":0.0,"points":[685.9848694174998,163.8217834799998],"frame":16,"group":0,"source":"manual","attributes":[],"label":"4"},{"type":"points","occluded":false,"outside":false,"z_order":0,"rotation":0.0,"points":[759.8789256250002,169.5478709375002],"frame":16,"group":0,"source":"manual","attributes":[],"label":"3"},{"type":"points","occluded":false,"outside":false,"z_order":0,"rotation":0.0,"points":[764.6240428125002,217.0449412500002],"frame":16,"group":0,"source":"manual","attributes":[],"label":"2"}],"label":"pyramid"},{"type":"skeleton","occluded":false,"outside":false,"z_order":0,"rotation":0.0,"points":[],"frame":17,"group":0,"source":"manual","attributes":[],"elements":[{"type":"points","occluded":false,"outside":false,"z_order":0,"rotation":0.0,"points":[677.1289256250002,211.1015818750002],"frame":17,"group":0,"source":"manual","attributes":[],"label":"1"},{"type":"points","occluded":false,"outside":false,"z_order":0,"rotation":0.0,"points":[764.22705078125,217.67833218431224],"frame":17,"group":0,"source":"manual","attributes":[],"label":"2"},{"type":"points","occluded":false,"outside":false,"z_order":0,"rotation":0.0,"points":[758.4078013375001,170.53963727500013],"frame":17,"group":0,"source":"manual","attributes":[],"label":"3"},{"type":"points","occluded":false,"outside":false,"z_order":0,"rotation":0.0,"points":[684.5918162500002,164.9531443750002],"frame":17,"group":0,"source":"manual","attributes":[],"label":"4"},{"type":"points","occluded":false,"outside":false,"z_order":0,"rotation":0.0,"points":[727.7497643261668,70.20252719068958],"frame":17,"group":0,"source":"manual","attributes":[],"label":"5"}],"label":"pyramid"},{"type":"skeleton","occluded":false,"outside":false,"z_order":0,"rotation":0.0,"points":[],"frame":18,"group":0,"source":"manual","attributes":[],"elements":[{"type":"points","occluded":false,"outside":false,"z_order":0,"rotation":0.0,"points":[792.6580310624995,201.7019763749995],"frame":18,"group":0,"source":"manual","attributes":[],"label":"2"},{"type":"points","occluded":false,"outside":false,"z_order":0,"rotation":0.0,"points":[789.4070544999995,154.8015857499995],"frame":18,"group":0,"source":"manual","attributes":[],"label":"3"},{"type":"points","occluded":false,"outside":false,"z_order":0,"rotation":0.0,"points":[698.0955310624995,194.8259998124995],"frame":18,"group":0,"source":"manual","attributes":[],"label":"1"},{"type":"points","occluded":false,"outside":false,"z_order":0,"rotation":0.0,"points":[752.8972252636668,38.10194125318958],"frame":18,"group":0,"source":"manual","attributes":[],"label":"5"},{"type":"points","occluded":false,"outside":false,"z_order":0,"rotation":0.0,"points":[705.3601794999995,147.8816638749995],"frame":18,"group":0,"source":"manual","attributes":[],"label":"4"}],"label":"pyramid"},{"type":"skeleton","occluded":false,"outside":false,"z_order":0,"rotation":0.0,"points":[],"frame":19,"group":0,"source":"manual","attributes":[],"elements":[{"type":"points","occluded":false,"outside":false,"z_order":0,"rotation":0.0,"points":[681.8494373124995,173.9695544999995],"frame":19,"group":0,"source":"manual","attributes":[],"label":"4"},{"type":"points","occluded":false,"outside":false,"z_order":0,"rotation":0.0,"points":[729.3866551386673,75.83474806409504],"frame":19,"group":0,"source":"manual","attributes":[],"label":"5"},{"type":"points","occluded":false,"outside":false,"z_order":0,"rotation":0.0,"points":[682.3484607499995,219.4207263749995],"frame":19,"group":0,"source":"manual","attributes":[],"label":"1"},{"type":"points","occluded":false,"outside":false,"z_order":0,"rotation":0.0,"points":[766.4607654374995,221.5193591874995],"frame":19,"group":0,"source":"manual","attributes":[],"label":"2"},{"type":"points","occluded":false,"outside":false,"z_order":0,"rotation":0.0,"points":[755.1463123124995,176.4099841874995],"frame":19,"group":0,"source":"manual","attributes":[],"label":"3"}],"label":"pyramid"},{"type":"skeleton","occluded":false,"outside":false,"z_order":0,"rotation":0.0,"points":[],"frame":20,"group":0,"source":"manual","attributes":[],"elements":[{"type":"points","occluded":false,"outside":false,"z_order":0,"rotation":0.0,"points":[709.2417857125001,152.04940290000013],"frame":20,"group":0,"source":"manual","attributes":[],"label":"4"},{"type":"points","occluded":false,"outside":false,"z_order":0,"rotation":0.0,"points":[757.1378037636678,42.44871006329777],"frame":20,"group":0,"source":"manual","attributes":[],"label":"5"},{"type":"points","occluded":false,"outside":false,"z_order":0,"rotation":0.0,"points":[794.3638560250001,157.35702008750013],"frame":20,"group":0,"source":"manual","attributes":[],"label":"3"},{"type":"points","occluded":false,"outside":false,"z_order":0,"rotation":0.0,"points":[696.8413950875001,207.89119977500013],"frame":20,"group":0,"source":"manual","attributes":[],"label":"1"},{"type":"points","occluded":false,"outside":false,"z_order":0,"rotation":0.0,"points":[799.2281138375001,214.64803571250013],"frame":20,"group":0,"source":"manual","attributes":[],"label":"2"}],"label":"pyramid"},{"type":"skeleton","occluded":false,"outside":false,"z_order":0,"rotation":0.0,"points":[],"frame":21,"group":0,"source":"manual","attributes":[],"elements":[{"type":"points","occluded":false,"outside":false,"z_order":0,"rotation":0.0,"points":[685.6336169999995,224.9217029374995],"frame":21,"group":0,"source":"manual","attributes":[],"label":"1"},{"type":"points","occluded":false,"outside":false,"z_order":0,"rotation":0.0,"points":[769.2088123124995,224.5125232499995],"frame":21,"group":0,"source":"manual","attributes":[],"label":"2"},{"type":"points","occluded":false,"outside":false,"z_order":0,"rotation":0.0,"points":[754.7888904374995,178.2693591874995],"frame":21,"group":0,"source":"manual","attributes":[],"label":"3"},{"type":"points","occluded":false,"outside":false,"z_order":0,"rotation":0.0,"points":[680.4168201249995,179.5301013749995],"frame":21,"group":0,"source":"manual","attributes":[],"label":"4"},{"type":"points","occluded":false,"outside":false,"z_order":0,"rotation":0.0,"points":[725.9243383636676,80.97846217539882],"frame":21,"group":0,"source":"manual","attributes":[],"label":"5"}],"label":"pyramid"},{"type":"skeleton","occluded":false,"outside":false,"z_order":0,"rotation":0.0,"points":[],"frame":22,"group":0,"source":"manual","attributes":[],"elements":[{"type":"points","occluded":false,"outside":false,"z_order":0,"rotation":0.0,"points":[796.6049866049998,158.8110412924998],"frame":22,"group":0,"source":"manual","attributes":[],"label":"3"},{"type":"points","occluded":false,"outside":false,"z_order":0,"rotation":0.0,"points":[708.4731506674998,152.7622131674998],"frame":22,"group":0,"source":"manual","attributes":[],"label":"4"},{"type":"points","occluded":false,"outside":false,"z_order":0,"rotation":0.0,"points":[757.8507799574181,44.32134836895057],"frame":22,"group":0,"source":"manual","attributes":[],"label":"5"},{"type":"points","occluded":false,"outside":false,"z_order":0,"rotation":0.0,"points":[698.6414136135008,210.88067142600084],"frame":22,"group":0,"source":"manual","attributes":[],"label":"1"},{"type":"points","occluded":false,"outside":false,"z_order":0,"rotation":0.0,"points":[800.7908276760008,219.84551517600084],"frame":22,"group":0,"source":"manual","attributes":[],"label":"2"}],"label":"pyramid"},{"type":"skeleton","occluded":false,"outside":false,"z_order":0,"rotation":0.0,"points":[],"frame":23,"group":0,"source":"manual","attributes":[],"elements":[{"type":"points","occluded":false,"outside":false,"z_order":0,"rotation":0.0,"points":[752.4800669625001,177.48494977500013],"frame":23,"group":0,"source":"manual","attributes":[],"label":"3"},{"type":"points","occluded":false,"outside":false,"z_order":0,"rotation":0.0,"points":[687.1226450875001,223.82186383750013],"frame":23,"group":0,"source":"manual","attributes":[],"label":"1"},{"type":"points","occluded":false,"outside":false,"z_order":0,"rotation":0.0,"points":[770.6402232125001,224.18709821250013],"frame":23,"group":0,"source":"manual","attributes":[],"label":"2"},{"type":"points","occluded":false,"outside":false,"z_order":0,"rotation":0.0,"points":[682.3931529000001,178.39315290000013],"frame":23,"group":0,"source":"manual","attributes":[],"label":"4"},{"type":"points","occluded":false,"outside":false,"z_order":0,"rotation":0.0,"points":[726.6255747750001,83.42049665000013],"frame":23,"group":0,"source":"manual","attributes":[],"label":"5"}],"label":"pyramid"},{"type":"skeleton","occluded":false,"outside":false,"z_order":0,"rotation":0.0,"points":[],"frame":24,"group":0,"source":"manual","attributes":[],"elements":[{"type":"points","occluded":false,"outside":false,"z_order":0,"rotation":0.0,"points":[752.2759654000001,179.96639508750013],"frame":24,"group":0,"source":"manual","attributes":[],"label":"3"},{"type":"points","occluded":false,"outside":false,"z_order":0,"rotation":0.0,"points":[772.2281138375001,224.16170758750013],"frame":24,"group":0,"source":"manual","attributes":[],"label":"2"},{"type":"points","occluded":false,"outside":false,"z_order":0,"rotation":0.0,"points":[728.9312388375001,88.77010602500013],"frame":24,"group":0,"source":"manual","attributes":[],"label":"5"},{"type":"points","occluded":false,"outside":false,"z_order":0,"rotation":0.0,"points":[682.9058482125001,181.23494977500013],"frame":24,"group":0,"source":"manual","attributes":[],"label":"4"},{"type":"points","occluded":false,"outside":false,"z_order":0,"rotation":0.0,"points":[687.6363169625001,224.51131696250013],"frame":24,"group":0,"source":"manual","attributes":[],"label":"1"}],"label":"pyramid"},{"type":"skeleton","occluded":false,"outside":false,"z_order":0,"rotation":0.0,"points":[],"frame":25,"group":0,"source":"manual","attributes":[],"elements":[{"type":"points","occluded":false,"outside":false,"z_order":0,"rotation":0.0,"points":[801.9321350424998,222.3022522299998],"frame":25,"group":0,"source":"manual","attributes":[],"label":"2"},{"type":"points","occluded":false,"outside":false,"z_order":0,"rotation":0.0,"points":[797.4585022299998,165.2075256674998],"frame":25,"group":0,"source":"manual","attributes":[],"label":"3"},{"type":"points","occluded":false,"outside":false,"z_order":0,"rotation":0.0,"points":[710.4594787924998,158.7348694174998],"frame":25,"group":0,"source":"manual","attributes":[],"label":"4"},{"type":"points","occluded":false,"outside":false,"z_order":0,"rotation":0.0,"points":[699.7104553549998,213.6215881674998],"frame":25,"group":0,"source":"manual","attributes":[],"label":"1"},{"type":"points","occluded":false,"outside":false,"z_order":0,"rotation":0.0,"points":[759.9248046875,45.63232421875],"frame":25,"group":0,"source":"manual","attributes":[],"label":"5"}],"label":"pyramid"},{"type":"skeleton","occluded":false,"outside":false,"z_order":0,"rotation":0.0,"points":[],"frame":27,"group":0,"source":"manual","attributes":[],"elements":[{"type":"points","occluded":false,"outside":false,"z_order":0,"rotation":0.0,"points":[798.3178772299998,169.6811584799998],"frame":27,"group":0,"source":"manual","attributes":[],"label":"3"},{"type":"points","occluded":false,"outside":false,"z_order":0,"rotation":0.0,"points":[713.03955078125,159.339846818124],"frame":27,"group":0,"source":"manual","attributes":[],"label":"4"},{"type":"points","occluded":false,"outside":false,"z_order":0,"rotation":0.0,"points":[762.5048766762502,46.23730161937419],"frame":27,"group":0,"source":"manual","attributes":[],"label":"5"},{"type":"points","occluded":false,"outside":false,"z_order":0,"rotation":0.0,"points":[700.5708069174998,212.5063537924998],"frame":27,"group":0,"source":"manual","attributes":[],"label":"1"},{"type":"points","occluded":false,"outside":false,"z_order":0,"rotation":0.0,"points":[803.6518616049998,226.7758850424998],"frame":27,"group":0,"source":"manual","attributes":[],"label":"2"}],"label":"pyramid"},{"type":"skeleton","occluded":false,"outside":false,"z_order":0,"rotation":0.0,"points":[],"frame":30,"group":0,"source":"manual","attributes":[],"elements":[{"type":"points","occluded":false,"outside":false,"z_order":0,"rotation":0.0,"points":[696.2700256674998,223.2544006674998],"frame":30,"group":0,"source":"manual","attributes":[],"label":"1"},{"type":"points","occluded":false,"outside":false,"z_order":0,"rotation":0.0,"points":[801.9311584799998,231.0747131674998],"frame":30,"group":0,"source":"manual","attributes":[],"label":"2"},{"type":"points","occluded":false,"outside":false,"z_order":0,"rotation":0.0,"points":[795.30810546875,168.391604630624],"frame":30,"group":0,"source":"manual","attributes":[],"label":"3"},{"type":"points","occluded":false,"outside":false,"z_order":0,"rotation":0.0,"points":[708.30908203125,161.918948380624],"frame":30,"group":0,"source":"manual","attributes":[],"label":"4"},{"type":"points","occluded":false,"outside":false,"z_order":0,"rotation":0.0,"points":[757.7744079262502,48.81640318187419],"frame":30,"group":0,"source":"manual","attributes":[],"label":"5"}],"label":"pyramid"}],"tracks":[]}]